timestamp,load_kwh,pv_gen_kwh,pv_to_load_kwh,battery_charge_input_kwh,battery_stored_kwh,battery_discharge_to_load_kwh,grid_import_kwh,grid_export_kwh,curtailment_kwh,unserved_load_kwh,soc_pct,ghi_w_m2,wind_mps,ambient_temp_c
2021-11-01 00:00:00,0.6182522985853386,0.0,0.0,0.0,0.0,0.6182522985853386,0.0,0.0,0.0,0.0,16.9841621350455,0.0,1.66,25.0
2021-11-01 01:00:00,0.5892512653480535,0.11735072525000001,0.11735072525000001,0.0,0.0,0.3317477014146613,0.14015283868339218,0.0,0.0,0.0,10.0,53.5,1.55,25.0
2021-11-01 02:00:00,0.5611976387108999,0.4847981652525,0.4847981652525,0.0,0.0,0.0,0.07639947345839987,0.0,0.0,0.0,10.0,225.93,1.5,25.0
2021-11-01 03:00:00,0.5278174098362358,0.8736289985279999,0.5278174098362358,0.3458115886917641,0.32852100925717587,0.0,0.0,0.0,0.0,0.0,16.57042018514352,418.08,0.87,25.0
2021-11-01 04:00:00,0.4941308881441177,1.1829964534080002,0.4941308881441177,0.6888655652638824,0.6544222870006883,0.0,0.0,0.0,0.0,0.0,29.658865925157283,579.12,0.38,25.0
2021-11-01 05:00:00,0.4572762721061244,1.3740806905925,0.4572762721061244,0.9168044184863756,0.8709641975620568,0.0,0.0,0.0,0.0,0.0,47.07814987639842,681.55,0.67,25.0
2021-11-01 06:00:00,0.3849736965957928,1.25401986996,0.3849736965957928,0.8690461733642072,0.8255938646959968,0.0,0.0,0.0,0.0,0.0,63.59002717031835,616.2,0.86,25.0
2021-11-01 07:00:00,0.3869500708385392,1.165711097672,0.3869500708385392,0.7787610268334608,0.7398229754917878,0.0,0.0,0.0,0.0,0.0,78.3864866801541,569.08,0.93,25.0
2021-11-01 08:00:00,0.4360380944011849,0.98458398885,0.4360380944011849,0.5485458944488151,0.5211185997263743,0.0,0.0,0.0,0.0,0.0,88.80885867468159,474.42,1.1,25.0
2021-11-01 09:00:00,0.456212453360986,0.68561062845,0.456212453360986,0.229398175089014,0.2179282663345633,0.0,0.0,0.0,0.0,0.0,93.16742400137284,323.9,1.1,25.0
2021-11-01 10:00:00,0.4528837510248787,0.364566727712,0.364566727712,0.0,0.0,0.08831702331287872,0.0,0.0,0.0,0.0,91.3081182474175,168.88,0.98,25.0
2021-11-01 11:00:00,0.4549946442570988,0.06668485038599999,0.06668485038599999,0.0,0.0,0.3883097938710988,0.0,0.0,0.0,0.0,83.13317521855225,30.38,0.64,25.0
2021-11-01 12:00:00,0.4495487177355258,0.0,0.0,0.0,0.0,0.4495487177355258,0.0,0.0,0.0,0.0,73.66899168727802,0.0,0.15,25.0
2021-11-01 13:00:00,0.4673049923112398,0.0,0.0,0.0,0.0,0.4673049923112398,0.0,0.0,0.0,0.0,63.83099184914666,0.0,0.61,25.0
2021-11-01 14:00:00,0.5029663725496636,0.0,0.0,0.0,0.0,0.5029663725496636,0.0,0.0,0.0,0.0,53.242226111259,0.0,1.08,25.0
2021-11-01 15:00:00,0.4948547006817698,0.0,0.0,0.0,0.0,0.4948547006817698,0.0,0.0,0.0,0.0,42.82423241269544,0.0,1.43,25.0
2021-11-01 16:00:00,0.4700965134370357,0.0,0.0,0.0,0.0,0.4700965134370357,0.0,0.0,0.0,0.0,32.92746370875784,0.0,1.58,25.0
2021-11-01 17:00:00,0.4346582734226547,0.0,0.0,0.0,0.0,0.4346582734226547,0.0,0.0,0.0,0.0,23.77676321564932,0.0,1.67,25.0
2021-11-01 18:00:00,0.4269024830316987,0.0,0.0,0.0,0.0,0.4269024830316987,0.0,0.0,0.0,0.0,14.789342520245139,0.0,1.75,25.0
2021-11-01 19:00:00,0.4748477574571748,0.0,0.0,0.0,0.0,0.2274937697116441,0.2473539877455307,0.0,0.0,0.0,10.0,0.0,1.83,25.0
2021-11-01 20:00:00,0.5453954569729195,0.0,0.0,0.0,0.0,0.0,0.5453954569729195,0.0,0.0,0.0,10.0,0.0,1.86,25.0
2021-11-01 21:00:00,0.5973308020891601,0.0,0.0,0.0,0.0,0.0,0.5973308020891601,0.0,0.0,0.0,10.0,0.0,1.73,25.0
2021-11-01 22:00:00,0.6301884196536209,0.0,0.0,0.0,0.0,0.0,0.6301884196536209,0.0,0.0,0.0,10.0,0.0,1.58,25.0
2021-11-01 23:00:00,0.6414719766824201,0.0,0.0,0.0,0.0,0.0,0.6414719766824201,0.0,0.0,0.0,10.0,0.0,1.54,25.0
2021-11-02 00:00:00,0.610461207879746,0.0,0.0,0.0,0.0,0.0,0.610461207879746,0.0,0.0,0.0,10.0,0.0,1.58,25.0
2021-11-02 01:00:00,0.5793345640923929,0.1001334048,0.1001334048,0.0,0.0,0.0,0.47920115929239293,0.0,0.0,0.0,10.0,45.6,1.6,25.0
2021-11-02 02:00:00,0.5530041524610113,0.44052873216000005,0.44052873216000005,0.0,0.0,0.0,0.11247542030101126,0.0,0.0,0.0,10.0,204.8,1.39,25.0
2021-11-02 03:00:00,0.5267611915784165,0.75760755213,0.5267611915784165,0.23084636055158347,0.2193040425240043,0.0,0.0,0.0,0.0,0.0,14.386080850480084,359.58,1.1,25.0
2021-11-02 04:00:00,0.4930404324817128,1.0445053372325004,0.4930404324817128,0.5514649047507876,0.5238916595132481,0.0,0.0,0.0,0.0,0.0,24.863914040745048,506.35,0.39,25.0
2021-11-02 05:00:00,0.4500353346976571,1.250839029,0.4500353346976571,0.8008036943023429,0.7607635095872257,0.0,0.0,0.0,0.0,0.0,40.07918423248956,615.0,0.57,25.0
2021-11-02 06:00:00,0.3809206470939583,1.2546092662125,0.3809206470939583,0.8736886191185416,0.8300041881626145,0.0,0.0,0.0,0.0,0.0,56.67926799574185,616.97,0.6,25.0
2021-11-02 07:00:00,0.3924552494459121,1.18523087661,0.3924552494459121,0.7927756271640878,0.7531368458058834,0.0,0.0,0.0,0.0,0.0,71.74200491185951,579.9,0.63,25.0
2021-11-02 08:00:00,0.4468593783799536,0.9777574240499999,0.4468593783799536,0.5308980456700463,0.5043531433865439,0.0,0.0,0.0,0.0,0.0,81.82906777959039,471.5,0.64,25.0
2021-11-02 09:00:00,0.4524738566333311,0.6906626335125,0.4524738566333311,0.2381887768791689,0.22627933803521044,0.0,0.0,0.0,0.0,0.0,86.3546545402946,326.75,0.68,25.0
2021-11-02 10:00:00,0.4454617101418839,0.37441140956999996,0.37441140956999996,0.0,0.0,0.07105030057188394,0.0,0.0,0.0,0.0,84.85885873878125,173.7,0.62,25.0
2021-11-02 11:00:00,0.4424795395187342,0.06558355821600001,0.06558355821600001,0.0,0.0,0.37689598130273416,0.0,0.0,0.0,0.0,76.92420650082894,29.88,0.59,25.0
2021-11-02 12:00:00,0.4546193650694877,0.0,0.0,0.0,0.0,0.4546193650694877,0.0,0.0,0.0,0.0,67.35327249936606,0.0,0.69,25.0
2021-11-02 13:00:00,0.4656408634379998,0.0,0.0,0.0,0.0,0.4656408634379998,0.0,0.0,0.0,0.0,57.5503069533029,0.0,0.68,25.0
2021-11-02 14:00:00,0.486181075507945,0.0,0.0,0.0,0.0,0.486181075507945,0.0,0.0,0.0,0.0,47.31491588997774,0.0,0.6,25.0
2021-11-02 15:00:00,0.4728683523001021,0.0,0.0,0.0,0.0,0.4728683523001021,0.0,0.0,0.0,0.0,37.359792683659805,0.0,0.81,25.0
2021-11-02 16:00:00,0.4638454662733624,0.0,0.0,0.0,0.0,0.4638454662733624,0.0,0.0,0.0,0.0,27.59462497264165,0.0,1.12,25.0
2021-11-02 17:00:00,0.4513233233947999,0.0,0.0,0.0,0.0,0.4513233233947999,0.0,0.0,0.0,0.0,18.093081322224812,0.0,1.36,25.0
2021-11-02 18:00:00,0.444622604032548,0.0,0.0,0.0,0.0,0.3844213628056785,0.060201241226869484,0.0,0.0,0.0,10.0,0.0,1.55,25.0
2021-11-02 19:00:00,0.4827379030406601,0.0,0.0,0.0,0.0,0.0,0.4827379030406601,0.0,0.0,0.0,10.0,0.0,1.57,25.0
2021-11-02 20:00:00,0.5548370338561575,0.0,0.0,0.0,0.0,0.0,0.5548370338561575,0.0,0.0,0.0,10.0,0.0,1.43,25.0
2021-11-02 21:00:00,0.6023443789839178,0.0,0.0,0.0,0.0,0.0,0.6023443789839178,0.0,0.0,0.0,10.0,0.0,1.21,25.0
2021-11-02 22:00:00,0.6258021741455803,0.0,0.0,0.0,0.0,0.0,0.6258021741455803,0.0,0.0,0.0,10.0,0.0,0.85,25.0
2021-11-02 23:00:00,0.6459432525773531,0.0,0.0,0.0,0.0,0.0,0.6459432525773531,0.0,0.0,0.0,10.0,0.0,0.5,25.0
2021-11-03 00:00:00,0.5960272213558685,0.0,0.0,0.0,0.0,0.0,0.5960272213558685,0.0,0.0,0.0,10.0,0.0,0.51,25.0
2021-11-03 01:00:00,0.5650875795331277,0.09799113885,0.09799113885,0.0,0.0,0.0,0.4670964406831277,0.0,0.0,0.0,10.0,44.7,0.85,25.0
2021-11-03 02:00:00,0.5366285690159239,0.43754451551249995,0.43754451551249995,0.0,0.0,0.0,0.09908405350342397,0.0,0.0,0.0,10.0,203.55,1.05,25.0
2021-11-03 03:00:00,0.5086687012639697,0.7532544040724999,0.5086687012639697,0.2445857028085302,0.2323564176681037,0.0,0.0,0.0,0.0,0.0,14.647128353362072,357.15,1.38,25.0
2021-11-03 04:00:00,0.4772796225243175,1.0475020930605,0.4772796225243175,0.5702224705361825,0.5417113470093733,0.0,0.0,0.0,0.0,0.0,25.481355293549537,505.77,1.93,25.0
2021-11-03 05:00:00,0.4367356765877273,1.2279810346320001,0.4367356765877273,0.7912453580442729,0.7516830901420591,0.0,0.0,0.0,0.0,0.0,40.51501709639072,599.72,2.37,25.0
2021-11-03 06:00:00,0.3722223921497294,1.241983293474,0.3722223921497294,0.8697609013242706,0.826272856258057,0.0,0.0,0.0,0.0,0.0,57.04047422155187,606.62,2.69,25.0
2021-11-03 07:00:00,0.381650862335361,1.1139289600725,0.381650862335361,0.732278097737139,0.695664192850282,0.0,0.0,0.0,0.0,0.0,70.95375807855751,538.85,2.92,25.0
2021-11-03 08:00:00,0.4331441900162554,0.9552171216720001,0.4331441900162554,0.5220729316557446,0.4959692850729574,0.0,0.0,0.0,0.0,0.0,80.87314378001666,456.92,3.07,25.0
2021-11-03 09:00:00,0.4422831250704582,0.6667050894900001,0.4422831250704582,0.22442196441954188,0.21320086619856476,0.0,0.0,0.0,0.0,0.0,85.13716110398796,313.1,2.93,25.0
2021-11-03 10:00:00,0.4369836177995841,0.354825580032,0.354825580032,0.0,0.0,0.08215803776758412,0.0,0.0,0.0,0.0,83.40751820361778,163.52,2.82,25.0
2021-11-03 11:00:00,0.4356547102378564,0.06114154008049999,0.06114154008049999,0.0,0.0,0.3745131701573564,0.0,0.0,0.0,0.0,75.52303041083132,27.73,2.37,25.0
2021-11-03 12:00:00,0.4399224842168311,0.0,0.0,0.0,0.0,0.4399224842168311,0.0,0.0,0.0,0.0,66.26150442731908,0.0,2.65,25.0
2021-11-03 13:00:00,0.4576861245709201,0.0,0.0,0.0,0.0,0.4576861245709201,0.0,0.0,0.0,0.0,56.6260070679313,0.0,2.69,25.0
2021-11-03 14:00:00,0.4914214301459677,0.0,0.0,0.0,0.0,0.4914214301459677,0.0,0.0,0.0,0.0,46.28029274906883,0.0,2.65,25.0
2021-11-03 15:00:00,0.4704286370483989,0.0,0.0,0.0,0.0,0.4704286370483989,0.0,0.0,0.0,0.0,36.37653196910254,0.0,2.51,25.0
2021-11-03 16:00:00,0.4490162553887447,0.0,0.0,0.0,0.0,0.4490162553887447,0.0,0.0,0.0,0.0,26.92355817144475,0.0,2.31,25.0
2021-11-03 17:00:00,0.4271096051706617,0.0,0.0,0.0,0.0,0.4271096051706617,0.0,0.0,0.0,0.0,17.931777009957138,0.0,2.15,25.0
2021-11-03 18:00:00,0.4317483928352573,0.0,0.0,0.0,0.0,0.376759407972964,0.05498898486229331,0.0,0.0,0.0,10.0,0.0,2.0,25.0
2021-11-03 19:00:00,0.4762384422230387,0.0,0.0,0.0,0.0,0.0,0.4762384422230387,0.0,0.0,0.0,10.0,0.0,1.79,25.0
2021-11-03 20:00:00,0.5306224084208547,0.0,0.0,0.0,0.0,0.0,0.5306224084208547,0.0,0.0,0.0,10.0,0.0,1.44,25.0
2021-11-03 21:00:00,0.5831205215166062,0.0,0.0,0.0,0.0,0.0,0.5831205215166062,0.0,0.0,0.0,10.0,0.0,1.07,25.0
2021-11-03 22:00:00,0.6184157403798393,0.0,0.0,0.0,0.0,0.0,0.6184157403798393,0.0,0.0,0.0,10.0,0.0,1.17,25.0
2021-11-03 23:00:00,0.6221996298855318,0.0,0.0,0.0,0.0,0.0,0.6221996298855318,0.0,0.0,0.0,10.0,0.0,1.5,25.0
2021-11-04 00:00:00,0.6002231986159344,0.0,0.0,0.0,0.0,0.0,0.6002231986159344,0.0,0.0,0.0,10.0,0.0,1.59,25.0
2021-11-04 01:00:00,0.5714121502299476,0.08725423476000001,0.08725423476000001,0.0,0.0,0.0,0.48415791546994763,0.0,0.0,0.0,10.0,39.72,1.45,25.0
2021-11-04 02:00:00,0.5460117226259159,0.396247373522,0.396247373522,0.0,0.0,0.0,0.1497643491039159,0.0,0.0,0.0,10.0,183.82,1.17,25.0
2021-11-04 03:00:00,0.5191372978407715,0.7369236131839999,0.5191372978407715,0.21778631534322845,0.20689699957606703,0.0,0.0,0.0,0.0,0.0,14.13793999152134,349.12,1.29,25.0
2021-11-04 04:00:00,0.4880098903007083,1.01654998676,0.4880098903007083,0.5285400964592918,0.5021130916363272,0.0,0.0,0.0,0.0,0.0,24.180201824247884,490.6,1.32,25.0
2021-11-04 05:00:00,0.4444568536867129,1.2182946043125,0.4444568536867129,0.7738377506257872,0.7351458630944978,0.0,0.0,0.0,0.0,0.0,38.88311908613784,596.45,1.25,25.0
2021-11-04 06:00:00,0.3724913503674471,1.1737803192499998,0.3724913503674471,0.8012889688825526,0.7612245204384249,0.0,0.0,0.0,0.0,0.0,54.10760949490633,572.5,1.46,25.0
2021-11-04 07:00:00,0.380231586069741,1.10104651008,0.380231586069741,0.720814924010259,0.684774177809746,0.0,0.0,0.0,0.0,0.0,67.80309305110126,534.08,1.6,25.0
2021-11-04 08:00:00,0.4445947584074785,0.9151852648125,0.4445947584074785,0.4705905064050215,0.4470609810847704,0.0,0.0,0.0,0.0,0.0,76.74431267279667,438.15,1.75,25.0
2021-11-04 09:00:00,0.4564407846974619,0.685120771104,0.4564407846974619,0.22867998640653814,0.21724598708621123,0.0,0.0,0.0,0.0,0.0,81.0892324145209,323.12,1.74,25.0
2021-11-04 10:00:00,0.4488627547733244,0.33249897991199995,0.33249897991199995,0.0,0.0,0.11636377486132443,0.0,0.0,0.0,0.0,78.63946873322985,153.48,1.63,25.0
2021-11-04 11:00:00,0.4498206122980984,0.055928837426000015,0.055928837426000015,0.0,0.0,0.39389177487209837,0.0,0.0,0.0,0.0,70.34701031486989,25.42,1.36,25.0
2021-11-04 12:00:00,0.4438898561245488,0.0,0.0,0.0,0.0,0.4438898561245488,0.0,0.0,0.0,0.0,61.00196071224781,0.0,1.33,25.0
2021-11-04 13:00:00,0.4664300005707307,0.0,0.0,0.0,0.0,0.4664300005707307,0.0,0.0,0.0,0.0,51.182381752863996,0.0,1.23,25.0
2021-11-04 14:00:00,0.4993542800018831,0.0,0.0,0.0,0.0,0.4993542800018831,0.0,0.0,0.0,0.0,40.66966006861382,0.0,1.21,25.0
2021-11-04 15:00:00,0.4789944363498851,0.0,0.0,0.0,0.0,0.4789944363498851,0.0,0.0,0.0,0.0,30.585566671774142,0.0,1.21,25.0
2021-11-04 16:00:00,0.4576806172660556,0.0,0.0,0.0,0.0,0.4576806172660556,0.0,0.0,0.0,0.0,20.95018525564665,0.0,1.25,25.0
2021-11-04 17:00:00,0.4378640974066638,0.0,0.0,0.0,0.0,0.4378640974066638,0.0,0.0,0.0,0.0,11.731993731295836,0.0,1.51,25.0
2021-11-04 18:00:00,0.4372742671469655,0.0,0.0,0.0,0.0,0.08226970223655218,0.3550045649104133,0.0,0.0,0.0,10.0,0.0,1.82,25.0
2021-11-04 19:00:00,0.4788072306497607,0.0,0.0,0.0,0.0,0.0,0.4788072306497607,0.0,0.0,0.0,10.0,0.0,2.05,25.0
2021-11-04 20:00:00,0.5411520894410559,0.0,0.0,0.0,0.0,0.0,0.5411520894410559,0.0,0.0,0.0,10.0,0.0,2.04,25.0
2021-11-04 21:00:00,0.5881996718543439,0.0,0.0,0.0,0.0,0.0,0.5881996718543439,0.0,0.0,0.0,10.0,0.0,1.79,25.0
2021-11-04 22:00:00,0.6094779952678476,0.0,0.0,0.0,0.0,0.0,0.6094779952678476,0.0,0.0,0.0,10.0,0.0,1.42,25.0
2021-11-04 23:00:00,0.6309198554794223,0.0,0.0,0.0,0.0,0.0,0.6309198554794223,0.0,0.0,0.0,10.0,0.0,1.04,25.0
2021-11-05 00:00:00,0.6121319123620266,0.0,0.0,0.0,0.0,0.0,0.6121319123620266,0.0,0.0,0.0,10.0,0.0,0.87,25.0
2021-11-05 01:00:00,0.5792351367581174,0.0633797297925,0.0633797297925,0.0,0.0,0.0,0.5158554069656174,0.0,0.0,0.0,10.0,28.85,0.91,25.0
2021-11-05 02:00:00,0.5529723959448116,0.31748789061,0.31748789061,0.0,0.0,0.0,0.23548450533481163,0.0,0.0,0.0,10.0,146.7,0.86,25.0
2021-11-05 03:00:00,0.5223008858007374,0.6019268011844999,0.5223008858007374,0.07962591538376251,0.07564461961457439,0.0,0.0,0.0,0.0,0.0,11.512892392291487,282.77,1.22,25.0
2021-11-05 04:00:00,0.4850690758881265,0.887606054984,0.4850690758881265,0.40253697909587355,0.38241013014107983,0.0,0.0,0.0,0.0,0.0,19.161094995113082,424.12,1.79,25.0
2021-11-05 05:00:00,0.4426480666267724,1.1002587290805,0.4426480666267724,0.6576106624537275,0.6247301293310411,0.0,0.0,0.0,0.0,0.0,31.655697581733904,532.67,2.28,25.0
2021-11-05 06:00:00,0.3756563026691505,1.0708325259059999,0.3756563026691505,0.6951762232368494,0.6604174120750068,0.0,0.0,0.0,0.0,0.0,44.86404582323404,516.62,2.81,25.0
2021-11-05 07:00:00,0.3831937899750862,0.923419809312,0.3831937899750862,0.5402260193369137,0.513214718370068,0.0,0.0,0.0,0.0,0.0,55.1283401906354,440.88,2.98,25.0
2021-11-05 08:00:00,0.4318842697241958,0.7734115910400001,0.4318842697241958,0.3415273213158043,0.3244509552500141,0.0,0.0,0.0,0.0,0.0,61.61735929563567,365.6,3.03,25.0
2021-11-05 09:00:00,0.4521118437180517,0.5580898247925,0.4521118437180517,0.10597798107444834,0.10067908202072591,0.0,0.0,0.0,0.0,0.0,63.630940936050195,260.45,2.73,25.0
2021-11-05 10:00:00,0.4420012516459364,0.26925972645,0.26925972645,0.0,0.0,0.17274152519593639,0.0,0.0,0.0,0.0,59.994277247714685,123.5,2.69,25.0
2021-11-05 11:00:00,0.4452513703930959,0.0492506203805,0.0492506203805,0.0,0.0,0.39600075001259594,0.0,0.0,0.0,0.0,51.657419352712665,22.33,2.22,25.0
2021-11-05 12:00:00,0.4461717149155348,0.0,0.0,0.0,0.0,0.4461717149155348,0.0,0.0,0.0,0.0,42.26433061764877,0.0,2.54,25.0
2021-11-05 13:00:00,0.4610867426305893,0.0,0.0,0.0,0.0,0.4610867426305893,0.0,0.0,0.0,0.0,32.557241299110046,0.0,2.74,25.0
2021-11-05 14:00:00,0.4910070814606196,0.0,0.0,0.0,0.0,0.4910070814606196,0.0,0.0,0.0,0.0,22.220250110465418,0.0,2.94,25.0
2021-11-05 15:00:00,0.4807717616900447,0.0,0.0,0.0,0.0,0.4807717616900447,0.0,0.0,0.0,0.0,12.098739338043426,0.0,3.06,25.0
2021-11-05 16:00:00,0.4578248476780188,0.0,0.0,0.0,0.0,0.09969011855706268,0.3581347291209561,0.0,0.0,0.0,10.0,0.0,3.06,25.0
2021-11-05 17:00:00,0.4266660476978828,0.0,0.0,0.0,0.0,0.0,0.4266660476978828,0.0,0.0,0.0,10.0,0.0,2.99,25.0
2021-11-05 18:00:00,0.4198170347428944,0.0,0.0,0.0,0.0,0.0,0.4198170347428944,0.0,0.0,0.0,10.0,0.0,2.94,25.0
2021-11-05 19:00:00,0.4712881624978958,0.0,0.0,0.0,0.0,0.0,0.4712881624978958,0.0,0.0,0.0,10.0,0.0,2.92,25.0
2021-11-05 20:00:00,0.5410774316321596,0.0,0.0,0.0,0.0,0.0,0.5410774316321596,0.0,0.0,0.0,10.0,0.0,2.91,25.0
2021-11-05 21:00:00,0.588701820559571,0.0,0.0,0.0,0.0,0.0,0.588701820559571,0.0,0.0,0.0,10.0,0.0,2.86,25.0
2021-11-05 22:00:00,0.6150899674155447,0.0,0.0,0.0,0.0,0.0,0.6150899674155447,0.0,0.0,0.0,10.0,0.0,2.8,25.0
2021-11-05 23:00:00,0.6284297539890703,0.0,0.0,0.0,0.0,0.0,0.6284297539890703,0.0,0.0,0.0,10.0,0.0,2.76,25.0
2021-11-06 00:00:00,0.5961475930118904,0.0,0.0,0.0,0.0,0.0,0.5961475930118904,0.0,0.0,0.0,10.0,0.0,2.68,25.0
2021-11-06 01:00:00,0.5649975801319072,0.08815584933650002,0.08815584933650002,0.0,0.0,0.0,0.47684173079540715,0.0,0.0,0.0,10.0,40.03,2.51,25.0
2021-11-06 02:00:00,0.5366404556864841,0.3748153040885,0.3748153040885,0.0,0.0,0.0,0.1618251515979841,0.0,0.0,0.0,10.0,172.93,2.84,25.0
2021-11-06 03:00:00,0.5085648288164883,0.72553422612,0.5085648288164883,0.2169693973035116,0.20612092743833602,0.0,0.0,0.0,0.0,0.0,14.12241854876672,342.12,2.8,25.0
2021-11-06 04:00:00,0.4774007482247836,1.0308504697919998,0.4774007482247836,0.5534497215672162,0.5257772354888554,0.0,0.0,0.0,0.0,0.0,24.637963258543827,496.08,2.73,25.0
2021-11-06 05:00:00,0.4365306135969818,1.238848082274,0.4365306135969818,0.8023174686770183,0.7622015952431673,0.0,0.0,0.0,0.0,0.0,39.881995163407176,604.58,2.91,25.0
2021-11-06 06:00:00,0.37214991721825,1.0959473673005002,0.37214991721825,0.7237974500822502,0.6876075775781376,0.0,0.0,0.0,0.0,0.0,53.63414671496993,528.97,3.28,25.0
2021-11-06 07:00:00,0.381414545453789,1.051255524,0.381414545453789,0.6698409785462112,0.6363489296189005,0.0,0.0,0.0,0.0,0.0,66.36112530734793,505.2,3.75,25.0
2021-11-06 08:00:00,0.4334274868005277,0.84991280693,0.4334274868005277,0.41648532012947237,0.39566105412299873,0.0,0.0,0.0,0.0,0.0,74.2743463898079,402.7,4.03,25.0
2021-11-06 09:00:00,0.4424521777130215,0.5716150259325,0.4424521777130215,0.12916284821947854,0.12270470580850461,0.0,0.0,0.0,0.0,0.0,76.728440505978,266.15,3.96,25.0
2021-11-06 10:00:00,0.4372673802707528,0.2828555780160001,0.2828555780160001,0.0,0.0,0.1544118022547527,0.0,0.0,0.0,0.0,73.47766572166742,129.68,3.19,25.0
2021-11-06 11:00:00,0.4360026941258017,0.052222081752499996,0.052222081752499996,0.0,0.0,0.38378061237330174,0.0,0.0,0.0,0.0,65.39807388222948,23.65,2.77,25.0
2021-11-06 12:00:00,0.4398825142318531,0.0,0.0,0.0,0.0,0.4398825142318531,0.0,0.0,0.0,0.0,56.13738937208522,0.0,3.27,25.0
2021-11-06 13:00:00,0.4574140992900407,0.0,0.0,0.0,0.0,0.4574140992900407,0.0,0.0,0.0,0.0,46.50761886071594,0.0,3.37,25.0
2021-11-06 14:00:00,0.4911232295578142,0.0,0.0,0.0,0.0,0.4911232295578142,0.0,0.0,0.0,0.0,36.16818244897247,0.0,3.38,25.0
2021-11-06 15:00:00,0.4705680981361654,0.0,0.0,0.0,0.0,0.4705680981361654,0.0,0.0,0.0,0.0,26.261485646105836,0.0,3.29,25.0
2021-11-06 16:00:00,0.4487382539321168,0.0,0.0,0.0,0.0,0.4487382539321168,0.0,0.0,0.0,0.0,16.81436451069285,0.0,3.19,25.0
2021-11-06 17:00:00,0.4270761848525728,0.0,0.0,0.0,0.0,0.32368231425791044,0.10339387059466237,0.0,0.0,0.0,10.0,0.0,3.11,25.0
2021-11-06 18:00:00,0.4318529274524334,0.0,0.0,0.0,0.0,0.0,0.4318529274524334,0.0,0.0,0.0,10.0,0.0,3.05,25.0
2021-11-06 19:00:00,0.4763682801844807,0.0,0.0,0.0,0.0,0.0,0.4763682801844807,0.0,0.0,0.0,10.0,0.0,2.98,25.0
2021-11-06 20:00:00,0.5308850211352937,0.0,0.0,0.0,0.0,0.0,0.5308850211352937,0.0,0.0,0.0,10.0,0.0,2.85,25.0
2021-11-06 21:00:00,0.5830677976484072,0.0,0.0,0.0,0.0,0.0,0.5830677976484072,0.0,0.0,0.0,10.0,0.0,2.66,25.0
2021-11-06 22:00:00,0.6183608738867915,0.0,0.0,0.0,0.0,0.0,0.6183608738867915,0.0,0.0,0.0,10.0,0.0,2.5,25.0
2021-11-06 23:00:00,0.6219345581950848,0.0,0.0,0.0,0.0,0.0,0.6219345581950848,0.0,0.0,0.0,10.0,0.0,2.34,25.0
2021-11-07 00:00:00,0.6127003875977058,0.0,0.0,0.0,0.0,0.0,0.6127003875977058,0.0,0.0,0.0,10.0,0.0,2.13,25.0
2021-11-07 01:00:00,0.5829566570202114,0.0770596227885,0.0770596227885,0.0,0.0,0.0,0.5058970342317114,0.0,0.0,0.0,10.0,35.03,1.79,25.0
2021-11-07 02:00:00,0.5551998675389385,0.35298576621000005,0.35298576621000005,0.0,0.0,0.0,0.2022141013289384,0.0,0.0,0.0,10.0,163.1,1.72,25.0
2021-11-07 03:00:00,0.5285149346492399,0.6621897170900001,0.5285149346492399,0.13367478244076014,0.12699104331872213,0.0,0.0,0.0,0.0,0.0,12.539820866374443,312.1,1.43,25.0
2021-11-07 04:00:00,0.4931344131711893,0.9325115046720001,0.4931344131711893,0.4393770915008108,0.4174082369257702,0.0,0.0,0.0,0.0,0.0,20.887985604889845,447.12,1.62,25.0
2021-11-07 05:00:00,0.4518246882703913,1.1470089138420003,0.4518246882703913,0.695184225571609,0.6604250142930285,0.0,0.0,0.0,0.0,0.0,34.09648589075042,557.58,1.98,25.0
2021-11-07 06:00:00,0.3759488282487926,1.0436261466125,0.3759488282487926,0.6676773183637075,0.634293452445522,0.0,0.0,0.0,0.0,0.0,46.78235493966086,503.05,2.45,25.0
2021-11-07 07:00:00,0.3829341098402821,0.9957744922125,0.3829341098402821,0.6128403823722179,0.582198363253607,0.0,0.0,0.0,0.0,0.0,58.426322204733005,477.75,2.97,25.0
2021-11-07 08:00:00,0.4369818578315462,0.8462970524085002,0.4369818578315462,0.409315194576954,0.38884943484810625,0.0,0.0,0.0,0.0,0.0,66.20331090169512,401.73,3.24,25.0
2021-11-07 09:00:00,0.4491015579352437,0.565182232098,0.4491015579352437,0.1160806741627563,0.11027664045461848,0.0,0.0,0.0,0.0,0.0,68.4088437107875,263.58,3.17,25.0
2021-11-07 10:00:00,0.4449885069111663,0.266662150304,0.266662150304,0.0,0.0,0.17832635660716634,0.0,0.0,0.0,0.0,64.65460462432084,122.32,2.59,25.0
2021-11-07 11:00:00,0.4458947325147713,0.047063293744499995,0.047063293744499995,0.0,0.0,0.3988314387702713,0.0,0.0,0.0,0.0,56.25815328178881,21.33,2.33,25.0
2021-11-07 12:00:00,0.4426707632449713,0.0,0.0,0.0,0.0,0.4426707632449713,0.0,0.0,0.0,0.0,46.93876879242099,0.0,2.86,25.0
2021-11-07 13:00:00,0.4621924604804117,0.0,0.0,0.0,0.0,0.4621924604804117,0.0,0.0,0.0,0.0,37.20840120335969,0.0,3.04,25.0
2021-11-07 14:00:00,0.4942965903351342,0.0,0.0,0.0,0.0,0.4942965903351342,0.0,0.0,0.0,0.0,26.802157196304233,0.0,3.08,25.0
2021-11-07 15:00:00,0.4810830742370875,0.0,0.0,0.0,0.0,0.4810830742370875,0.0,0.0,0.0,0.0,16.674092475523445,0.0,3.04,25.0
2021-11-07 16:00:00,0.4520160583498502,0.0,0.0,0.0,0.0,0.31701939258736356,0.13499666576248665,0.0,0.0,0.0,10.0,0.0,2.94,25.0
2021-11-07 17:00:00,0.420131205698212,0.0,0.0,0.0,0.0,0.0,0.420131205698212,0.0,0.0,0.0,10.0,0.0,2.8,25.0
2021-11-07 18:00:00,0.4243187343735287,0.0,0.0,0.0,0.0,0.0,0.4243187343735287,0.0,0.0,0.0,10.0,0.0,2.62,25.0
2021-11-07 19:00:00,0.4785001650044585,0.0,0.0,0.0,0.0,0.0,0.4785001650044585,0.0,0.0,0.0,10.0,0.0,2.45,25.0
2021-11-07 20:00:00,0.5477575990217151,0.0,0.0,0.0,0.0,0.0,0.5477575990217151,0.0,0.0,0.0,10.0,0.0,2.33,25.0
2021-11-07 21:00:00,0.593939072068989,0.0,0.0,0.0,0.0,0.0,0.593939072068989,0.0,0.0,0.0,10.0,0.0,2.25,25.0
2021-11-07 22:00:00,0.6287003780974479,0.0,0.0,0.0,0.0,0.0,0.6287003780974479,0.0,0.0,0.0,10.0,0.0,2.18,25.0
2021-11-07 23:00:00,0.6356840314506638,0.0,0.0,0.0,0.0,0.0,0.6356840314506638,0.0,0.0,0.0,10.0,0.0,2.12,25.0
2021-11-08 00:00:00,0.6151950852963975,0.0,0.0,0.0,0.0,0.0,0.6151950852963975,0.0,0.0,0.0,10.0,0.0,2.0,25.0
2021-11-08 01:00:00,0.5942168304594188,0.066961845522,0.066961845522,0.0,0.0,0.0,0.5272549849374187,0.0,0.0,0.0,10.0,30.42,1.82,25.0
2021-11-08 02:00:00,0.5641566609139572,0.3442053822900001,0.3442053822900001,0.0,0.0,0.0,0.21995127862395714,0.0,0.0,0.0,10.0,158.9,1.87,25.0
2021-11-08 03:00:00,0.5361094621470084,0.6775931095725001,0.5361094621470084,0.1414836474254917,0.1344094650542171,0.0,0.0,0.0,0.0,0.0,12.688189301084343,319.35,1.82,25.0
2021-11-08 04:00:00,0.4995743742766049,1.00461640884,0.4995743742766049,0.5050420345633951,0.47978993283522536,0.0,0.0,0.0,0.0,0.0,22.28398795778885,483.8,1.81,25.0
2021-11-08 05:00:00,0.4563064857502226,1.1771832007485,0.4563064857502226,0.7208767149982773,0.6848328792483634,0.0,0.0,0.0,0.0,0.0,35.98064554275612,573.53,1.94,25.0
2021-11-08 06:00:00,0.3791155841344926,1.0609837000124998,0.3791155841344926,0.6818681158780071,0.6477747100841067,0.0,0.0,0.0,0.0,0.0,48.93613974443825,512.25,2.29,25.0
2021-11-08 07:00:00,0.3996806086677619,0.96801221517,0.3996806086677619,0.5683316065022381,0.5399150261771262,0.0,0.0,0.0,0.0,0.0,59.734440267980766,464.1,2.54,25.0
2021-11-08 08:00:00,0.4439193855492801,0.7735395367700001,0.4439193855492801,0.32962015122071997,0.313139143659684,0.0,0.0,0.0,0.0,0.0,65.99722314117444,365.98,2.7,25.0
2021-11-08 09:00:00,0.4590780819516447,0.5560942346960001,0.4590780819516447,0.09701615274435538,0.0921653451071376,0.0,0.0,0.0,0.0,0.0,67.8405300433172,259.48,2.74,25.0
2021-11-08 10:00:00,0.4612868911260445,0.26092930399250003,0.26092930399250003,0.0,0.0,0.20035758713354446,0.0,0.0,0.0,0.0,63.62247557734785,119.65,2.59,25.0
2021-11-08 11:00:00,0.452307080597507,0.044397013320000005,0.044397013320000005,0.0,0.0,0.407910067277507,0.0,0.0,0.0,0.0,55.03489521361085,20.12,2.3,25.0
2021-11-08 12:00:00,0.4468843241823182,0.0,0.0,0.0,0.0,0.4468843241823182,0.0,0.0,0.0,0.0,45.62680417819364,0.0,2.65,25.0
2021-11-08 13:00:00,0.464598597525752,0.0,0.0,0.0,0.0,0.464598597525752,0.0,0.0,0.0,0.0,35.845781072388334,0.0,2.76,25.0
2021-11-08 14:00:00,0.5116570599203016,0.0,0.0,0.0,0.0,0.5116570599203016,0.0,0.0,0.0,0.0,25.07405349511882,0.0,2.74,25.0
2021-11-08 15:00:00,0.5089000233357043,0.0,0.0,0.0,0.0,0.5089000233357043,0.0,0.0,0.0,0.0,14.360368793314521,0.0,2.56,25.0
2021-11-08 16:00:00,0.4859474742069029,0.0,0.0,0.0,0.0,0.20711751768243966,0.2788299565244632,0.0,0.0,0.0,10.0,0.0,2.26,25.0
2021-11-08 17:00:00,0.4527950655228805,0.0,0.0,0.0,0.0,0.0,0.4527950655228805,0.0,0.0,0.0,10.0,0.0,1.92,25.0
2021-11-08 18:00:00,0.4379105276225068,0.0,0.0,0.0,0.0,0.0,0.4379105276225068,0.0,0.0,0.0,10.0,0.0,1.68,25.0
2021-11-08 19:00:00,0.4765744220573086,0.0,0.0,0.0,0.0,0.0,0.4765744220573086,0.0,0.0,0.0,10.0,0.0,1.52,25.0
2021-11-08 20:00:00,0.5522916051179654,0.0,0.0,0.0,0.0,0.0,0.5522916051179654,0.0,0.0,0.0,10.0,0.0,1.34,25.0
2021-11-08 21:00:00,0.6109870505675123,0.0,0.0,0.0,0.0,0.0,0.6109870505675123,0.0,0.0,0.0,10.0,0.0,1.11,25.0
2021-11-08 22:00:00,0.6393423292399453,0.0,0.0,0.0,0.0,0.0,0.6393423292399453,0.0,0.0,0.0,10.0,0.0,0.97,25.0
2021-11-08 23:00:00,0.6624395090803642,0.0,0.0,0.0,0.0,0.0,0.6624395090803642,0.0,0.0,0.0,10.0,0.0,1.03,25.0
2021-11-09 00:00:00,0.612459242246887,0.0,0.0,0.0,0.0,0.0,0.612459242246887,0.0,0.0,0.0,10.0,0.0,1.05,25.0
2021-11-09 01:00:00,0.5858724715824343,0.0710393496725,0.0710393496725,0.0,0.0,0.0,0.5148331219099342,0.0,0.0,0.0,10.0,32.35,0.92,25.0
2021-11-09 02:00:00,0.56796441313588,0.38966450230399996,0.38966450230399996,0.0,0.0,0.0,0.17829991083188002,0.0,0.0,0.0,10.0,180.88,0.76,25.0
2021-11-09 03:00:00,0.5401769057637769,0.74644501965,0.5401769057637769,0.20626811388622313,0.19595470819191196,0.0,0.0,0.0,0.0,0.0,13.919094163838238,354.5,0.59,25.0
2021-11-09 04:00:00,0.5029088319035393,1.12815881981,0.5029088319035393,0.6252499879064608,0.5939874885111377,0.0,0.0,0.0,0.0,0.0,25.798843934060994,549.7,0.66,25.0
2021-11-09 05:00:00,0.4526790493560867,1.3220836524499997,0.4526790493560867,0.869404603093913,0.8259343729392173,0.0,0.0,0.0,0.0,0.0,42.31753139284534,652.9,0.85,25.0
2021-11-09 06:00:00,0.3853657755638158,1.18652711925,0.3853657755638158,0.8011613436861842,0.7611032765018749,0.0,0.0,0.0,0.0,0.0,57.53959692288284,579.5,1.3,25.0
2021-11-09 07:00:00,0.3962219151993532,1.1020653214725002,0.3962219151993532,0.7058434062731471,0.6705512359594897,0.0,0.0,0.0,0.0,0.0,70.95062164207265,534.45,1.71,25.0
2021-11-09 08:00:00,0.4424353873974394,0.9287922174740001,0.4424353873974394,0.4863568300765607,0.4620389885727327,0.0,0.0,0.0,0.0,0.0,80.19140141352729,444.58,2.16,25.0
2021-11-09 09:00:00,0.4590060417209159,0.6409733518484999,0.4590060417209159,0.181967310127584,0.17286894462120478,0.0,0.0,0.0,0.0,0.0,83.64878030595138,300.83,2.54,25.0
2021-11-09 10:00:00,0.4539462194190497,0.3053376609525,0.3053376609525,0.0,0.0,0.14860855846654974,0.0,0.0,0.0,0.0,80.52017907507664,140.45,2.39,25.0
2021-11-09 11:00:00,0.4557553354217686,0.0468726603125,0.0468726603125,0.0,0.0,0.4088826751092686,0.0,0.0,0.0,0.0,71.91212275698679,21.25,2.2,25.0
2021-11-09 12:00:00,0.4484936669880727,0.0,0.0,0.0,0.0,0.4484936669880727,0.0,0.0,0.0,0.0,62.47015082039578,0.0,2.48,25.0
2021-11-09 13:00:00,0.4698006743934125,0.0,0.0,0.0,0.0,0.4698006743934125,0.0,0.0,0.0,0.0,52.57961030685025,0.0,2.52,25.0
2021-11-09 14:00:00,0.4980992322700884,0.0,0.0,0.0,0.0,0.4980992322700884,0.0,0.0,0.0,0.0,42.09331068011154,0.0,2.4,25.0
2021-11-09 15:00:00,0.4754735130515479,0.0,0.0,0.0,0.0,0.4754735130515479,0.0,0.0,0.0,0.0,32.08334198428948,0.0,2.13,25.0
2021-11-09 16:00:00,0.4675391324529051,0.0,0.0,0.0,0.0,0.4675391324529051,0.0,0.0,0.0,0.0,22.2404128800178,0.0,1.79,25.0
2021-11-09 17:00:00,0.4439675955032562,0.0,0.0,0.0,0.0,0.4439675955032562,0.0,0.0,0.0,0.0,12.893726658896616,0.0,1.47,25.0
2021-11-09 18:00:00,0.4308156027156575,0.0,0.0,0.0,0.0,0.13745201629758924,0.29336358641806826,0.0,0.0,0.0,10.0,0.0,1.16,25.0
2021-11-09 19:00:00,0.4801433713376495,0.0,0.0,0.0,0.0,0.0,0.4801433713376495,0.0,0.0,0.0,10.0,0.0,0.86,25.0
2021-11-09 20:00:00,0.5481924424474084,0.0,0.0,0.0,0.0,0.0,0.5481924424474084,0.0,0.0,0.0,10.0,0.0,0.62,25.0
2021-11-09 21:00:00,0.5900054333586862,0.0,0.0,0.0,0.0,0.0,0.5900054333586862,0.0,0.0,0.0,10.0,0.0,0.44,25.0
2021-11-09 22:00:00,0.6166791312129669,0.0,0.0,0.0,0.0,0.0,0.6166791312129669,0.0,0.0,0.0,10.0,0.0,0.44,25.0
2021-11-09 23:00:00,0.6431271938542057,0.0,0.0,0.0,0.0,0.0,0.6431271938542057,0.0,0.0,0.0,10.0,0.0,0.62,25.0
2021-11-10 00:00:00,0.618529333586589,0.0,0.0,0.0,0.0,0.0,0.618529333586589,0.0,0.0,0.0,10.0,0.0,0.79,25.0
2021-11-10 01:00:00,0.5894567794777917,0.07791088085,0.07791088085,0.0,0.0,0.0,0.5115458986277918,0.0,0.0,0.0,10.0,35.5,0.84,25.0
2021-11-10 02:00:00,0.5638685808763909,0.395956202642,0.395956202642,0.0,0.0,0.0,0.16791237823439092,0.0,0.0,0.0,10.0,183.82,0.87,25.0
2021-11-10 03:00:00,0.5343262364365634,0.7445985800000001,0.5343262364365634,0.21027234356343671,0.19975872638526487,0.0,0.0,0.0,0.0,0.0,13.995174527705299,353.2,1.0,25.0
2021-11-10 04:00:00,0.4980236546479814,1.05147762797,0.4980236546479814,0.5534539733220186,0.5257812746559176,0.0,0.0,0.0,0.0,0.0,24.510800020823652,508.9,1.16,25.0
2021-11-10 05:00:00,0.4571438054419223,1.2457258545764998,0.4571438054419223,0.7885820491345774,0.7491529466778485,0.0,0.0,0.0,0.0,0.0,39.49385895438062,610.67,1.49,25.0
2021-11-10 06:00:00,0.3842027325332049,1.16701609332,0.3842027325332049,0.7828133607867951,0.7436726927474553,0.0,0.0,0.0,0.0,0.0,54.367312809329725,568.2,1.92,25.0
2021-11-10 07:00:00,0.3956606841483839,1.02392837712,0.3956606841483839,0.6282676929716162,0.5968543083230354,0.0,0.0,0.0,0.0,0.0,66.30439897579043,493.2,2.22,25.0
2021-11-10 08:00:00,0.4417211988895981,0.8641033262400001,0.4417211988895981,0.422382127350402,0.40126302098288186,0.0,0.0,0.0,0.0,0.0,74.32965939544808,411.6,2.38,25.0
2021-11-10 09:00:00,0.4565667762850758,0.6193226054400001,0.4565667762850758,0.16275582915492426,0.15461803769717805,0.0,0.0,0.0,0.0,0.0,77.42202014939163,290.4,2.37,25.0
2021-11-10 10:00:00,0.4459960455450824,0.28390500765000004,0.28390500765000004,0.0,0.0,0.16209103789508233,0.0,0.0,0.0,0.0,74.00957724633727,130.5,2.16,25.0
2021-11-10 11:00:00,0.4512630393334648,0.04277624339999999,0.04277624339999999,0.0,0.0,0.4084867959334648,0.0,0.0,0.0,0.0,65.40985522668538,19.4,1.95,25.0
2021-11-10 12:00:00,0.4522447507723122,0.0,0.0,0.0,0.0,0.4522447507723122,0.0,0.0,0.0,0.0,55.88891310516302,0.0,2.18,25.0
2021-11-10 13:00:00,0.4663891434928043,0.0,0.0,0.0,0.0,0.4663891434928043,0.0,0.0,0.0,0.0,46.07019429478819,0.0,2.26,25.0
2021-11-10 14:00:00,0.5037563520583608,0.0,0.0,0.0,0.0,0.5037563520583608,0.0,0.0,0.0,0.0,35.46479740934902,0.0,2.22,25.0
2021-11-10 15:00:00,0.4905805590788976,0.0,0.0,0.0,0.0,0.4905805590788976,0.0,0.0,0.0,0.0,25.13678563926696,0.0,2.11,25.0
2021-11-10 16:00:00,0.4752595025431436,0.0,0.0,0.0,0.0,0.4752595025431436,0.0,0.0,0.0,0.0,15.131322427832359,0.0,1.87,25.0
2021-11-10 17:00:00,0.4355380440736967,0.0,0.0,0.0,0.0,0.24373781532203703,0.19180022875165964,0.0,0.0,0.0,10.0,0.0,1.52,25.0
2021-11-10 18:00:00,0.4332508118754475,0.0,0.0,0.0,0.0,0.0,0.4332508118754475,0.0,0.0,0.0,10.0,0.0,1.01,25.0
2021-11-10 19:00:00,0.4799593352107101,0.0,0.0,0.0,0.0,0.0,0.4799593352107101,0.0,0.0,0.0,10.0,0.0,0.69,25.0
2021-11-10 20:00:00,0.5544951027579783,0.0,0.0,0.0,0.0,0.0,0.5544951027579783,0.0,0.0,0.0,10.0,0.0,0.81,25.0
2021-11-10 21:00:00,0.596622848378356,0.0,0.0,0.0,0.0,0.0,0.596622848378356,0.0,0.0,0.0,10.0,0.0,0.95,25.0
2021-11-10 22:00:00,0.6341932034016862,0.0,0.0,0.0,0.0,0.0,0.6341932034016862,0.0,0.0,0.0,10.0,0.0,0.89,25.0
2021-11-10 23:00:00,0.6432713592757452,0.0,0.0,0.0,0.0,0.0,0.6432713592757452,0.0,0.0,0.0,10.0,0.0,0.65,25.0
2021-11-11 00:00:00,0.609471967756109,0.0,0.0,0.0,0.0,0.0,0.609471967756109,0.0,0.0,0.0,10.0,0.0,0.45,25.0
2021-11-11 01:00:00,0.5822650194756152,0.06713035956,0.06713035956,0.0,0.0,0.0,0.5151346599156151,0.0,0.0,0.0,10.0,30.6,0.42,25.0
2021-11-11 02:00:00,0.5581156669054581,0.3357209585565,0.3357209585565,0.0,0.0,0.0,0.22239470834895808,0.0,0.0,0.0,10.0,155.43,0.51,25.0
2021-11-11 03:00:00,0.5312086398328557,0.676813171848,0.5312086398328557,0.14560453201514434,0.13832430541438712,0.0,0.0,0.0,0.0,0.0,12.766486108287742,319.88,0.72,25.0
2021-11-11 04:00:00,0.4968702120793178,0.98901611732,0.4968702120793178,0.49214590524068225,0.4675386099786481,0.0,0.0,0.0,0.0,0.0,22.117258307860705,477.4,0.56,25.0
2021-11-11 05:00:00,0.4498798496214337,1.1751843776805,0.4498798496214337,0.7253045280590663,0.6890393016561129,0.0,0.0,0.0,0.0,0.0,35.89804434098296,574.83,0.47,25.0
2021-11-11 06:00:00,0.3700289265877296,1.2088364193125,0.3700289265877296,0.8388074927247704,0.7968671180885318,0.0,0.0,0.0,0.0,0.0,51.8353867027536,592.75,0.45,25.0
2021-11-11 07:00:00,0.3868958027901713,1.1244162685140002,0.3868958027901713,0.737520465723829,0.7006444424376376,0.0,0.0,0.0,0.0,0.0,65.84827555150636,547.58,0.76,25.0
2021-11-11 08:00:00,0.4496113385483494,0.9196962922125,0.4496113385483494,0.47008495366415065,0.44658070598094307,0.0,0.0,0.0,0.0,0.0,74.77988967112522,441.45,0.9,25.0
2021-11-11 09:00:00,0.4582168819311981,0.6387378598260001,0.4582168819311981,0.18052097789480198,0.17149492900006189,0.0,0.0,0.0,0.0,0.0,78.20978825112645,300.98,0.94,25.0
2021-11-11 10:00:00,0.4555892669150706,0.29404354009800004,0.29404354009800004,0.0,0.0,0.16154572681707058,0.0,0.0,0.0,0.0,74.80882558129339,135.62,1.03,25.0
2021-11-11 11:00:00,0.4602760761729733,0.045352681682000004,0.045352681682000004,0.0,0.0,0.41492339449097326,0.0,0.0,0.0,0.0,66.07359622358868,20.62,0.97,25.0
2021-11-11 12:00:00,0.4562007872612644,0.0,0.0,0.0,0.0,0.4562007872612644,0.0,0.0,0.0,0.0,56.469369123351534,0.0,0.99,25.0
2021-11-11 13:00:00,0.4646692106559411,0.0,0.0,0.0,0.0,0.4646692106559411,0.0,0.0,0.0,0.0,46.68685942533172,0.0,1.14,25.0
2021-11-11 14:00:00,0.4998585251760492,0.0,0.0,0.0,0.0,0.4998585251760492,0.0,0.0,0.0,0.0,36.163522053204375,0.0,1.23,25.0
2021-11-11 15:00:00,0.4888929942570517,0.0,0.0,0.0,0.0,0.4888929942570517,0.0,0.0,0.0,0.0,25.87103796358223,0.0,1.12,25.0
2021-11-11 16:00:00,0.4449318209221831,0.0,0.0,0.0,0.0,0.4449318209221831,0.0,0.0,0.0,0.0,16.50405225995732,0.0,0.88,25.0
2021-11-11 17:00:00,0.4175480588153302,0.0,0.0,0.0,0.0,0.3089424823479727,0.10860557646735747,0.0,0.0,0.0,10.0,0.0,0.66,25.0
2021-11-11 18:00:00,0.4166982985751732,0.0,0.0,0.0,0.0,0.0,0.4166982985751732,0.0,0.0,0.0,10.0,0.0,0.89,25.0
2021-11-11 19:00:00,0.4662592078282464,0.0,0.0,0.0,0.0,0.0,0.4662592078282464,0.0,0.0,0.0,10.0,0.0,1.23,25.0
2021-11-11 20:00:00,0.5403296155722493,0.0,0.0,0.0,0.0,0.0,0.5403296155722493,0.0,0.0,0.0,10.0,0.0,1.16,25.0
2021-11-11 21:00:00,0.5888773745797109,0.0,0.0,0.0,0.0,0.0,0.5888773745797109,0.0,0.0,0.0,10.0,0.0,0.84,25.0
2021-11-11 22:00:00,0.6187165914786935,0.0,0.0,0.0,0.0,0.0,0.6187165914786935,0.0,0.0,0.0,10.0,0.0,0.51,25.0
2021-11-11 23:00:00,0.637127331247212,0.0,0.0,0.0,0.0,0.0,0.637127331247212,0.0,0.0,0.0,10.0,0.0,0.11,25.0
2021-11-12 00:00:00,0.5929296447308847,0.0,0.0,0.0,0.0,0.0,0.5929296447308847,0.0,0.0,0.0,10.0,0.0,0.37,25.0
2021-11-12 01:00:00,0.5645662327678842,0.06673500416,0.06673500416,0.0,0.0,0.0,0.4978312286078842,0.0,0.0,0.0,10.0,30.4,0.68,25.0
2021-11-12 02:00:00,0.5407817001270122,0.33004342085,0.33004342085,0.0,0.0,0.0,0.21073827927701222,0.0,0.0,0.0,10.0,152.62,0.85,25.0
2021-11-12 03:00:00,0.5117596431146558,0.6535780412479999,0.5117596431146558,0.14181839813334407,0.13472747822667686,0.0,0.0,0.0,0.0,0.0,12.694549564533537,308.08,1.17,25.0
2021-11-12 04:00:00,0.4794119893569475,0.9994101990125,0.4794119893569475,0.5199982096555524,0.49399829917277477,0.0,0.0,0.0,0.0,0.0,22.574515547989034,481.75,1.33,25.0
2021-11-12 05:00:00,0.4350367002492972,1.0965989092685,0.4350367002492972,0.6615622090192028,0.6284840985682426,0.0,0.0,0.0,0.0,0.0,35.14419751935389,531.67,1.66,25.0
2021-11-12 06:00:00,0.3665204803013543,1.1869848356685,0.3665204803013543,0.8204643553671457,0.7794411375987884,0.0,0.0,0.0,0.0,0.0,50.733020271329664,579.03,1.74,25.0
2021-11-12 07:00:00,0.3779701164629362,1.0942157088720001,0.3779701164629362,0.7162455924090639,0.6804333127886107,0.0,0.0,0.0,0.0,0.0,64.34168652710187,530.12,1.87,25.0
2021-11-12 08:00:00,0.4414032093472746,0.9337032966524998,0.4414032093472746,0.49230008730522523,0.46768508293996397,0.0,0.0,0.0,0.0,0.0,73.69538818590117,447.27,2.0,25.0
2021-11-12 09:00:00,0.4571193685436527,0.6288534163725,0.4571193685436527,0.17173404782884732,0.16314734543740494,0.0,0.0,0.0,0.0,0.0,76.95833509464926,295.35,1.97,25.0
2021-11-12 10:00:00,0.4473822531190897,0.28667012781000006,0.28667012781000006,0.0,0.0,0.16071212530908963,0.0,0.0,0.0,0.0,73.57492193024737,131.9,1.83,25.0
2021-11-12 11:00:00,0.4495089092953165,0.0424259653125,0.0424259653125,0.0,0.0,0.4070829439828165,0.0,0.0,0.0,0.0,65.00475468850387,19.25,1.75,25.0
2021-11-12 12:00:00,0.4479459578784046,0.0,0.0,0.0,0.0,0.4479459578784046,0.0,0.0,0.0,0.0,55.574313470011134,0.0,2.07,25.0
2021-11-12 13:00:00,0.469340494647628,0.0,0.0,0.0,0.0,0.469340494647628,0.0,0.0,0.0,0.0,45.69346095111371,0.0,2.25,25.0
2021-11-12 14:00:00,0.4955030518998604,0.0,0.0,0.0,0.0,0.4955030518998604,0.0,0.0,0.0,0.0,35.261817753221905,0.0,2.32,25.0
2021-11-12 15:00:00,0.4861257421657243,0.0,0.0,0.0,0.0,0.4861257421657243,0.0,0.0,0.0,0.0,25.027591602364556,0.0,2.24,25.0
2021-11-12 16:00:00,0.4588990625893435,0.0,0.0,0.0,0.0,0.4588990625893435,0.0,0.0,0.0,0.0,15.366558705746794,0.0,1.97,25.0
2021-11-12 17:00:00,0.4260746880118083,0.0,0.0,0.0,0.0,0.25491153852297277,0.17116314948883554,0.0,0.0,0.0,10.0,0.0,1.52,25.0
2021-11-12 18:00:00,0.4158847319063682,0.0,0.0,0.0,0.0,0.0,0.4158847319063682,0.0,0.0,0.0,10.0,0.0,1.0,25.0
2021-11-12 19:00:00,0.4721221682749209,0.0,0.0,0.0,0.0,0.0,0.4721221682749209,0.0,0.0,0.0,10.0,0.0,0.53,25.0
2021-11-12 20:00:00,0.55029889704689,0.0,0.0,0.0,0.0,0.0,0.55029889704689,0.0,0.0,0.0,10.0,0.0,0.23,25.0
2021-11-12 21:00:00,0.5911665836874476,0.0,0.0,0.0,0.0,0.0,0.5911665836874476,0.0,0.0,0.0,10.0,0.0,0.12,25.0
2021-11-12 22:00:00,0.6192346340597703,0.0,0.0,0.0,0.0,0.0,0.6192346340597703,0.0,0.0,0.0,10.0,0.0,0.19,25.0
2021-11-12 23:00:00,0.6322329210009558,0.0,0.0,0.0,0.0,0.0,0.6322329210009558,0.0,0.0,0.0,10.0,0.0,0.6,25.0
2021-11-13 00:00:00,0.6075652128964734,0.0,0.0,0.0,0.0,0.0,0.6075652128964734,0.0,0.0,0.0,10.0,0.0,1.03,25.0
2021-11-13 01:00:00,0.5770990248382066,0.0633983621205,0.0633983621205,0.0,0.0,0.0,0.5137006627177066,0.0,0.0,0.0,10.0,28.83,1.32,25.0
2021-11-13 02:00:00,0.5489682986990727,0.33294447240450004,0.33294447240450004,0.0,0.0,0.0,0.21602382629457267,0.0,0.0,0.0,10.0,153.77,1.42,25.0
2021-11-13 03:00:00,0.5162793139081897,0.6295822617919999,0.5162793139081897,0.11330294788381023,0.10763780048961971,0.0,0.0,0.0,0.0,0.0,12.152756009792395,296.08,1.48,25.0
2021-11-13 04:00:00,0.4868263277426561,0.92842944084,0.4868263277426561,0.4416031130973439,0.4195229574424767,0.0,0.0,0.0,0.0,0.0,20.54321515864193,445.4,1.32,25.0
2021-11-13 05:00:00,0.4435215891713833,1.140782674944,0.4435215891713833,0.6972610857726167,0.6623980314839858,0.0,0.0,0.0,0.0,0.0,33.79117578832164,554.88,1.61,25.0
2021-11-13 06:00:00,0.3717557941416643,1.2019183646524998,0.3717557941416643,0.8301625705108355,0.7886544419852937,0.0,0.0,0.0,0.0,0.0,49.564264628027516,586.15,2.22,25.0
2021-11-13 07:00:00,0.3823376828545598,1.1327789039324998,0.3823376828545598,0.75044122107794,0.712919160024043,0.0,0.0,0.0,0.0,0.0,63.82264782850838,549.05,2.68,25.0
2021-11-13 08:00:00,0.4384042442828044,0.94172189133,0.4384042442828044,0.5033176470471956,0.47815176469483583,0.0,0.0,0.0,0.0,0.0,73.38568312240508,450.3,2.87,25.0
2021-11-13 09:00:00,0.4530614228647974,0.6593336219525,0.4530614228647974,0.2062721990877026,0.19595858913331748,0.0,0.0,0.0,0.0,0.0,77.30485490507144,309.55,2.86,25.0
2021-11-13 10:00:00,0.4431143835832229,0.30684965561250005,0.30684965561250005,0.0,0.0,0.13626472797072287,0.0,0.0,0.0,0.0,74.43612378989833,141.05,2.7,25.0
2021-11-13 11:00:00,0.4457237719739695,0.04597723725649999,0.04597723725649999,0.0,0.0,0.3997465347174695,0.0,0.0,0.0,0.0,66.02040726953055,20.83,2.46,25.0
2021-11-13 12:00:00,0.4395067081739717,0.0,0.0,0.0,0.0,0.4395067081739717,0.0,0.0,0.0,0.0,56.76763446586799,0.0,2.98,25.0
2021-11-13 13:00:00,0.4532169574987721,0.0,0.0,0.0,0.0,0.4532169574987721,0.0,0.0,0.0,0.0,47.22622483431489,0.0,3.13,25.0
2021-11-13 14:00:00,0.4866167209551453,0.0,0.0,0.0,0.0,0.4866167209551453,0.0,0.0,0.0,0.0,36.981662287890785,0.0,3.11,25.0
2021-11-13 15:00:00,0.4784341539469268,0.0,0.0,0.0,0.0,0.4784341539469268,0.0,0.0,0.0,0.0,26.909364310060745,0.0,3.01,25.0
2021-11-13 16:00:00,0.453509623291365,0.0,0.0,0.0,0.0,0.453509623291365,0.0,0.0,0.0,0.0,17.361793293400424,0.0,2.82,25.0
2021-11-13 17:00:00,0.4224973116144739,0.0,0.0,0.0,0.0,0.34968518143652016,0.07281213017795374,0.0,0.0,0.0,10.0,0.0,2.56,25.0
2021-11-13 18:00:00,0.4206465390096839,0.0,0.0,0.0,0.0,0.0,0.4206465390096839,0.0,0.0,0.0,10.0,0.0,2.35,25.0
2021-11-13 19:00:00,0.4705850370815689,0.0,0.0,0.0,0.0,0.0,0.4705850370815689,0.0,0.0,0.0,10.0,0.0,2.18,25.0
2021-11-13 20:00:00,0.5358248382004814,0.0,0.0,0.0,0.0,0.0,0.5358248382004814,0.0,0.0,0.0,10.0,0.0,1.98,25.0
2021-11-13 21:00:00,0.5803121241110669,0.0,0.0,0.0,0.0,0.0,0.5803121241110669,0.0,0.0,0.0,10.0,0.0,1.69,25.0
2021-11-13 22:00:00,0.6141570938842938,0.0,0.0,0.0,0.0,0.0,0.6141570938842938,0.0,0.0,0.0,10.0,0.0,1.52,25.0
2021-11-13 23:00:00,0.6295382532288882,0.0,0.0,0.0,0.0,0.0,0.6295382532288882,0.0,0.0,0.0,10.0,0.0,1.49,25.0
2021-11-14 00:00:00,0.5989865699845094,0.0,0.0,0.0,0.0,0.0,0.5989865699845094,0.0,0.0,0.0,10.0,0.0,1.3,25.0
2021-11-14 01:00:00,0.5687931874089499,0.05670908628,0.05670908628,0.0,0.0,0.0,0.5120841011289499,0.0,0.0,0.0,10.0,25.8,0.97,25.0
2021-11-14 02:00:00,0.5400203620463648,0.33460694069,0.33460694069,0.0,0.0,0.0,0.2054134213563648,0.0,0.0,0.0,10.0,154.9,0.52,25.0
2021-11-14 03:00:00,0.5123409168713637,0.6592303080000002,0.5123409168713637,0.14688939112863642,0.13954492157220458,0.0,0.0,0.0,0.0,0.0,12.790898431444091,311.6,0.25,25.0
2021-11-14 04:00:00,0.480515545553659,0.9773665210925,0.480515545553659,0.496850975538841,0.4720084267618989,0.0,0.0,0.0,0.0,0.0,22.23106696668207,471.85,0.21,25.0
2021-11-14 05:00:00,0.4400622617819616,1.2240689313600002,0.4400622617819616,0.7840066695780386,0.7448063360991366,0.0,0.0,0.0,0.0,0.0,37.1271936886648,601.2,0.26,25.0
2021-11-14 06:00:00,0.3741229430825861,1.2541362591724998,0.3741229430825861,0.8800133160899137,0.836012650285418,0.0,0.0,0.0,0.0,0.0,53.84744669437316,615.67,1.2,25.0
2021-11-14 07:00:00,0.3828302788136653,1.1742821100725,0.3828302788136653,0.7914518312588348,0.751879239695893,0.0,0.0,0.0,0.0,0.0,68.88503148829103,572.35,1.72,25.0
2021-11-14 08:00:00,0.431126877664983,0.9610314823725,0.431126877664983,0.5299046047075171,0.5034093744721412,0.0,0.0,0.0,0.0,0.0,78.95321897773385,461.27,1.95,25.0
2021-11-14 09:00:00,0.4498585741231816,0.6586792311165001,0.4498585741231816,0.20882065699331848,0.19837962414365254,0.0,0.0,0.0,0.0,0.0,82.9208114606069,309.83,2.11,25.0
2021-11-14 10:00:00,0.4397739111516822,0.30482474517,0.30482474517,0.0,0.0,0.13494916598168216,0.0,0.0,0.0,0.0,80.07977638730833,140.3,2.13,25.0
2021-11-14 11:00:00,0.440711287450717,0.04301885445,0.04301885445,0.0,0.0,0.39769243300071705,0.0,0.0,0.0,0.0,71.70730411360903,19.5,2.17,25.0
2021-11-14 12:00:00,0.4448108722095296,0.0,0.0,0.0,0.0,0.4448108722095296,0.0,0.0,0.0,0.0,62.34286469867156,0.0,2.65,25.0
2021-11-14 13:00:00,0.4639340161797258,0.0,0.0,0.0,0.0,0.4639340161797258,0.0,0.0,0.0,0.0,52.57583277909839,0.0,2.77,25.0
2021-11-14 14:00:00,0.4877888475669488,0.0,0.0,0.0,0.0,0.4877888475669488,0.0,0.0,0.0,0.0,42.3065938829521,0.0,2.71,25.0
2021-11-14 15:00:00,0.4769742709165277,0.0,0.0,0.0,0.0,0.4769742709165277,0.0,0.0,0.0,0.0,32.26503028470941,0.0,2.64,25.0
2021-11-14 16:00:00,0.4500820114500914,0.0,0.0,0.0,0.0,0.4500820114500914,0.0,0.0,0.0,0.0,22.789619517339066,0.0,2.57,25.0
2021-11-14 17:00:00,0.422791647980572,0.0,0.0,0.0,0.0,0.422791647980572,0.0,0.0,0.0,0.0,13.888742717748077,0.0,2.51,25.0
2021-11-14 18:00:00,0.4248448100143271,0.0,0.0,0.0,0.0,0.18471527909303354,0.24012953092129358,0.0,0.0,0.0,10.0,0.0,2.5,25.0
2021-11-14 19:00:00,0.4746376836839804,0.0,0.0,0.0,0.0,0.0,0.4746376836839804,0.0,0.0,0.0,10.0,0.0,2.47,25.0
2021-11-14 20:00:00,0.5408221336056472,0.0,0.0,0.0,0.0,0.0,0.5408221336056472,0.0,0.0,0.0,10.0,0.0,2.33,25.0
2021-11-14 21:00:00,0.589289161206803,0.0,0.0,0.0,0.0,0.0,0.589289161206803,0.0,0.0,0.0,10.0,0.0,2.08,25.0
2021-11-14 22:00:00,0.6177388098722546,0.0,0.0,0.0,0.0,0.0,0.6177388098722546,0.0,0.0,0.0,10.0,0.0,1.84,25.0
2021-11-14 23:00:00,0.6293675476586207,0.0,0.0,0.0,0.0,0.0,0.6293675476586207,0.0,0.0,0.0,10.0,0.0,1.71,25.0
2021-11-15 00:00:00,0.593807902009923,0.0,0.0,0.0,0.0,0.0,0.593807902009923,0.0,0.0,0.0,10.0,0.0,1.58,25.0
2021-11-15 01:00:00,0.56416924948951,0.046685427360000004,0.046685427360000004,0.0,0.0,0.0,0.5174838221295099,0.0,0.0,0.0,10.0,21.2,1.51,25.0
2021-11-15 02:00:00,0.5361654746769099,0.283727264898,0.283727264898,0.0,0.0,0.0,0.2524382097789099,0.0,0.0,0.0,10.0,130.62,1.53,25.0
2021-11-15 03:00:00,0.5068633932454624,0.59097496029,0.5068633932454624,0.0841115670445376,0.0799059886923107,0.0,0.0,0.0,0.0,0.0,11.598119773846214,276.9,1.97,25.0
2021-11-15 04:00:00,0.4758193633474505,0.8705380105125,0.4758193633474505,0.3947186471650495,0.374982714806797,0.0,0.0,0.0,0.0,0.0,19.097774069982155,415.25,2.01,25.0
2021-11-15 05:00:00,0.4362097211939172,1.0855048923125,0.4362097211939172,0.6492951711185827,0.6168304125626536,0.0,0.0,0.0,0.0,0.0,31.434382321235226,525.25,2.1,25.0
2021-11-15 06:00:00,0.3686578191464627,1.1682530384525,0.3686578191464627,0.7995952193060374,0.7596154583407355,0.0,0.0,0.0,0.0,0.0,46.62669148804994,568.33,2.25,25.0
2021-11-15 07:00:00,0.3762016095035126,1.0956168700125,0.3762016095035126,0.7194152605089874,0.683444497483538,0.0,0.0,0.0,0.0,0.0,60.295581437720706,530.15,2.35,25.0
2021-11-15 08:00:00,0.4374013501786323,0.9370436698260002,0.4374013501786323,0.4996423196473679,0.47466020366499945,0.0,0.0,0.0,0.0,0.0,69.78878551102069,448.38,2.49,25.0
2021-11-15 09:00:00,0.4517696864966026,0.6123702353999999,0.4517696864966026,0.1606005489033973,0.15257052145822744,0.0,0.0,0.0,0.0,0.0,72.84019594018525,287.0,2.39,25.0
2021-11-15 10:00:00,0.4400098363791528,0.28453792489650004,0.28453792489650004,0.0,0.0,0.15547191148265277,0.0,0.0,0.0,0.0,69.56710306686624,130.77,2.24,25.0
2021-11-15 11:00:00,0.4513157463119411,0.040718497792499996,0.040718497792499996,0.0,0.0,0.4105972485194411,0.0,0.0,0.0,0.0,60.92295046645695,18.45,2.28,25.0
2021-11-15 12:00:00,0.4393598442368233,0.0,0.0,0.0,0.0,0.4393598442368233,0.0,0.0,0.0,0.0,51.67326953515542,0.0,2.63,25.0
2021-11-15 13:00:00,0.4624215326642863,0.0,0.0,0.0,0.0,0.4624215326642863,0.0,0.0,0.0,0.0,41.93807937380201,0.0,2.7,25.0
2021-11-15 14:00:00,0.4920915183638152,0.0,0.0,0.0,0.0,0.4920915183638152,0.0,0.0,0.0,0.0,31.5782579345638,0.0,2.66,25.0
2021-11-15 15:00:00,0.4755672908899466,0.0,0.0,0.0,0.0,0.4755672908899466,0.0,0.0,0.0,0.0,21.56631496845966,0.0,2.56,25.0
2021-11-15 16:00:00,0.4577554178431313,0.0,0.0,0.0,0.0,0.4577554178431313,0.0,0.0,0.0,0.0,11.929358803341108,0.0,2.44,25.0
2021-11-15 17:00:00,0.4311135247200307,0.0,0.0,0.0,0.0,0.09164454315870263,0.3394689815613281,0.0,0.0,0.0,10.0,0.0,2.26,25.0
2021-11-15 18:00:00,0.4203223089371628,0.0,0.0,0.0,0.0,0.0,0.4203223089371628,0.0,0.0,0.0,10.0,0.0,2.04,25.0
2021-11-15 19:00:00,0.4717950341188363,0.0,0.0,0.0,0.0,0.0,0.4717950341188363,0.0,0.0,0.0,10.0,0.0,1.82,25.0
2021-11-15 20:00:00,0.5375094730675315,0.0,0.0,0.0,0.0,0.0,0.5375094730675315,0.0,0.0,0.0,10.0,0.0,1.62,25.0
2021-11-15 21:00:00,0.5821919297518576,0.0,0.0,0.0,0.0,0.0,0.5821919297518576,0.0,0.0,0.0,10.0,0.0,1.37,25.0
2021-11-15 22:00:00,0.6117935524509973,0.0,0.0,0.0,0.0,0.0,0.6117935524509973,0.0,0.0,0.0,10.0,0.0,1.25,25.0
2021-11-15 23:00:00,0.6284455564417242,0.0,0.0,0.0,0.0,0.0,0.6284455564417242,0.0,0.0,0.0,10.0,0.0,1.19,25.0
2021-11-16 00:00:00,0.5994081476148383,0.0,0.0,0.0,0.0,0.0,0.5994081476148383,0.0,0.0,0.0,10.0,0.0,1.1,25.0
2021-11-16 01:00:00,0.5694177892289549,0.05211067125,0.05211067125,0.0,0.0,0.0,0.5173071179789549,0.0,0.0,0.0,10.0,23.7,1.0,25.0
2021-11-16 02:00:00,0.5420252496982941,0.33330349225250006,0.33330349225250006,0.0,0.0,0.0,0.20872175744579408,0.0,0.0,0.0,10.0,154.15,0.87,25.0
2021-11-16 03:00:00,0.5145130189228359,0.6702278391380001,0.5145130189228359,0.15571482021516425,0.14792907920440604,0.0,0.0,0.0,0.0,0.0,12.958581584088119,316.42,0.98,25.0
2021-11-16 04:00:00,0.4839181104282218,0.9980159735699998,0.4839181104282218,0.5140978631417781,0.4883929699846892,0.0,0.0,0.0,0.0,0.0,22.726440983781906,481.7,0.82,25.0
2021-11-16 05:00:00,0.4435216145910909,1.255871468544,0.4435216145910909,0.812349853952909,0.7717323612552636,0.0,0.0,0.0,0.0,0.0,38.16108820888718,617.28,0.81,25.0
2021-11-16 06:00:00,0.3742029159665823,1.2297150661125,0.3742029159665823,0.8555121501459177,0.8127365426386218,0.0,0.0,0.0,0.0,0.0,54.41581906165961,602.45,1.3,25.0
2021-11-16 07:00:00,0.3826220591808727,1.1602002984,0.3826220591808727,0.7775782392191273,0.7386993272581709,0.0,0.0,0.0,0.0,0.0,69.18980560682303,564.72,1.85,25.0
2021-11-16 08:00:00,0.43268433541764,0.9517183719120001,0.43268433541764,0.5190340364943602,0.4930823346696422,0.0,0.0,0.0,0.0,0.0,79.05145230021586,456.12,2.27,25.0
2021-11-16 09:00:00,0.4478756180961714,0.6630869219700001,0.4478756180961714,0.2152113038738287,0.20445073868013725,0.0,0.0,0.0,0.0,0.0,83.1404670738186,311.7,2.47,25.0
2021-11-16 10:00:00,0.4387673782682165,0.3079745021925,0.3079745021925,0.0,0.0,0.1307928760757165,0.0,0.0,0.0,0.0,80.38693284064563,141.65,2.49,25.0
2021-11-16 11:00:00,0.4438452900749264,0.046014662512500006,0.046014662512500006,0.0,0.0,0.3978306275624264,0.0,0.0,0.0,0.0,72.01155120775243,20.85,2.4,25.0
2021-11-16 12:00:00,0.4443289480234814,0.0,0.0,0.0,0.0,0.4443289480234814,0.0,0.0,0.0,0.0,62.657257565152825,0.0,2.75,25.0
2021-11-16 13:00:00,0.4559008834069925,0.0,0.0,0.0,0.0,0.4559008834069925,0.0,0.0,0.0,0.0,53.05934423026878,0.0,2.76,25.0
2021-11-16 14:00:00,0.4867178990638642,0.0,0.0,0.0,0.0,0.4867178990638642,0.0,0.0,0.0,0.0,42.81265161839795,0.0,2.66,25.0
2021-11-16 15:00:00,0.47515616191422,0.0,0.0,0.0,0.0,0.47515616191422,0.0,0.0,0.0,0.0,32.809363999151216,0.0,2.4,25.0
2021-11-16 16:00:00,0.4526249940803807,0.0,0.0,0.0,0.0,0.4526249940803807,0.0,0.0,0.0,0.0,23.280416755353727,0.0,1.99,25.0
2021-11-16 17:00:00,0.4269158212838445,0.0,0.0,0.0,0.0,0.4269158212838445,0.0,0.0,0.0,0.0,14.292715254641212,0.0,1.48,25.0
2021-11-16 18:00:00,0.4254383476593541,0.0,0.0,0.0,0.0,0.2039039745954575,0.22153437306389662,0.0,0.0,0.0,10.0,0.0,0.92,25.0
2021-11-16 19:00:00,0.4791475266765232,0.0,0.0,0.0,0.0,0.0,0.4791475266765232,0.0,0.0,0.0,10.0,0.0,0.49,25.0
2021-11-16 20:00:00,0.5447721036549726,0.0,0.0,0.0,0.0,0.0,0.5447721036549726,0.0,0.0,0.0,10.0,0.0,0.4,25.0
2021-11-16 21:00:00,0.5932282561334769,0.0,0.0,0.0,0.0,0.0,0.5932282561334769,0.0,0.0,0.0,10.0,0.0,0.33,25.0
2021-11-16 22:00:00,0.6232748605688931,0.0,0.0,0.0,0.0,0.0,0.6232748605688931,0.0,0.0,0.0,10.0,0.0,0.14,25.0
2021-11-16 23:00:00,0.6297063342383513,0.0,0.0,0.0,0.0,0.0,0.6297063342383513,0.0,0.0,0.0,10.0,0.0,0.4,25.0
2021-11-17 00:00:00,0.612455741673868,0.0,0.0,0.0,0.0,0.0,0.612455741673868,0.0,0.0,0.0,10.0,0.0,0.77,25.0
2021-11-17 01:00:00,0.5817782447390641,0.0465602956005,0.0465602956005,0.0,0.0,0.0,0.5352179491385641,0.0,0.0,0.0,10.0,21.17,0.98,25.0
2021-11-17 02:00:00,0.5534878068954924,0.32202448477650003,0.32202448477650003,0.0,0.0,0.0,0.23146332211899234,0.0,0.0,0.0,10.0,148.77,1.04,25.0
2021-11-17 03:00:00,0.5252702837217642,0.6389016217925,0.5252702837217642,0.11363133807073578,0.10794977116719898,0.0,0.0,0.0,0.0,0.0,12.158995423343978,300.85,1.21,25.0
2021-11-17 04:00:00,0.4882192202078352,0.9757939532880001,0.4882192202078352,0.4875747330801649,0.46319599642615666,0.0,0.0,0.0,0.0,0.0,21.42291535186711,470.12,0.93,25.0
2021-11-17 05:00:00,0.4464922034589977,1.1855888089485,0.4464922034589977,0.7390966054895023,0.7021417752150272,0.0,0.0,0.0,0.0,0.0,35.46575085616765,579.83,0.79,25.0
2021-11-17 06:00:00,0.380466532670547,1.1368552008000001,0.380466532670547,0.7563886681294532,0.7185692347229805,0.0,0.0,0.0,0.0,0.0,49.83713555062726,554.0,0.84,25.0
2021-11-17 07:00:00,0.3893612241537328,1.0483070427060002,0.3893612241537328,0.6589458185522674,0.625998527624654,0.0,0.0,0.0,0.0,0.0,62.35710610312035,508.02,0.61,25.0
2021-11-17 08:00:00,0.4374018166873573,0.87052636517,0.4374018166873573,0.43312454848264276,0.4114683210585106,0.0,0.0,0.0,0.0,0.0,70.58647252429056,417.1,0.34,25.0
2021-11-17 09:00:00,0.4571789770358296,0.599327433672,0.4571789770358296,0.14214845663617043,0.1350410338043619,0.0,0.0,0.0,0.0,0.0,73.28729320037779,282.12,0.37,25.0
2021-11-17 10:00:00,0.4514377210921949,0.27179596224,0.27179596224,0.0,0.0,0.17964175885219485,0.0,0.0,0.0,0.0,69.50536143506844,125.28,0.75,25.0
2021-11-17 11:00:00,0.4526948866003002,0.037530883692499996,0.037530883692499996,0.0,0.0,0.4151640029078002,0.0,0.0,0.0,0.0,60.76506663700949,17.05,1.12,25.0
2021-11-17 12:00:00,0.4516182186133616,0.0,0.0,0.0,0.0,0.4516182186133616,0.0,0.0,0.0,0.0,51.257314666201864,0.0,1.56,25.0
2021-11-17 13:00:00,0.469265040205208,0.0,0.0,0.0,0.0,0.469265040205208,0.0,0.0,0.0,0.0,41.378050661881694,0.0,1.8,25.0
2021-11-17 14:00:00,0.5030675588207031,0.0,0.0,0.0,0.0,0.5030675588207031,0.0,0.0,0.0,0.0,30.787154686709005,0.0,1.88,25.0
2021-11-17 15:00:00,0.4915546086629468,0.0,0.0,0.0,0.0,0.4915546086629468,0.0,0.0,0.0,0.0,20.43863660959433,0.0,1.83,25.0
2021-11-17 16:00:00,0.4679802422826521,0.0,0.0,0.0,0.0,0.4679802422826521,0.0,0.0,0.0,0.0,10.586420982591127,0.0,1.7,25.0
2021-11-17 17:00:00,0.4270093023612648,0.0,0.0,0.0,0.0,0.027854996673078534,0.3991543056881862,0.0,0.0,0.0,10.0,0.0,1.51,25.0
2021-11-17 18:00:00,0.4322210919046071,0.0,0.0,0.0,0.0,0.0,0.4322210919046071,0.0,0.0,0.0,10.0,0.0,1.28,25.0
2021-11-17 19:00:00,0.4874994265307774,0.0,0.0,0.0,0.0,0.0,0.4874994265307774,0.0,0.0,0.0,10.0,0.0,1.14,25.0
2021-11-17 20:00:00,0.5456482176195205,0.0,0.0,0.0,0.0,0.0,0.5456482176195205,0.0,0.0,0.0,10.0,0.0,1.28,25.0
2021-11-17 21:00:00,0.5923666821495278,0.0,0.0,0.0,0.0,0.0,0.5923666821495278,0.0,0.0,0.0,10.0,0.0,1.47,25.0
2021-11-17 22:00:00,0.6096946883228604,0.0,0.0,0.0,0.0,0.0,0.6096946883228604,0.0,0.0,0.0,10.0,0.0,1.58,25.0
2021-11-17 23:00:00,0.6320370089147225,0.0,0.0,0.0,0.0,0.0,0.6320370089147225,0.0,0.0,0.0,10.0,0.0,1.7,25.0
2021-11-18 00:00:00,0.5780992321321514,0.0,0.0,0.0,0.0,0.0,0.5780992321321514,0.0,0.0,0.0,10.0,0.0,1.8,25.0
2021-11-18 01:00:00,0.5483880841566544,0.05126993350049999,0.05126993350049999,0.0,0.0,0.0,0.4971181506561544,0.0,0.0,0.0,10.0,23.27,1.83,25.0
2021-11-18 02:00:00,0.5238546408239508,0.30403066836450005,0.30403066836450005,0.0,0.0,0.0,0.2198239724594508,0.0,0.0,0.0,10.0,140.07,1.72,25.0
2021-11-18 03:00:00,0.4964351565701672,0.6329257467885,0.4964351565701672,0.13649059021833282,0.12966606070741618,0.0,0.0,0.0,0.0,0.0,12.593321214148322,297.27,2.06,25.0
2021-11-18 04:00:00,0.4659395939966093,0.905039064072,0.4659395939966093,0.4390994700753907,0.4171444965716211,0.0,0.0,0.0,0.0,0.0,20.93621114558075,433.08,1.68,25.0
2021-11-18 05:00:00,0.4292664695145805,1.11584024244,0.4292664695145805,0.6865737729254195,0.6522450842791485,0.0,0.0,0.0,0.0,0.0,33.98111283116371,541.8,1.61,25.0
2021-11-18 06:00:00,0.3667309252214092,1.12153444997,0.3667309252214092,0.7548035247485907,0.7170633485111612,0.0,0.0,0.0,0.0,0.0,48.32237980138694,544.3,1.93,25.0
2021-11-18 07:00:00,0.3783843491128049,0.9921712626045002,0.3783843491128049,0.6137869134916953,0.5830975678171105,0.0,0.0,0.0,0.0,0.0,59.98433115772915,476.73,2.33,25.0
2021-11-18 08:00:00,0.4395702615139089,0.8140922409620001,0.4395702615139089,0.3745219794480912,0.3557958804756866,0.0,0.0,0.0,0.0,0.0,67.10024876724289,386.62,2.27,25.0
2021-11-18 09:00:00,0.4533164111743775,0.56473952909,0.4533164111743775,0.11142311791562254,0.1058519620198414,0.0,0.0,0.0,0.0,0.0,69.21728800763972,264.1,2.08,25.0
2021-11-18 10:00:00,0.4407381422629619,0.2571235361805,0.2571235361805,0.0,0.0,0.18361460608246188,0.0,0.0,0.0,0.0,65.35171735327211,118.07,1.93,25.0
2021-11-18 11:00:00,0.4428756071455309,0.03286999749,0.03286999749,0.0,0.0,0.4100056096555309,0.0,0.0,0.0,0.0,56.720020307892504,14.9,1.92,25.0
2021-11-18 12:00:00,0.4418764506642996,0.0,0.0,0.0,0.0,0.4418764506642996,0.0,0.0,0.0,0.0,47.417358188644094,0.0,2.13,25.0
2021-11-18 13:00:00,0.4554262001109315,0.0,0.0,0.0,0.0,0.4554262001109315,0.0,0.0,0.0,0.0,37.82943818630869,0.0,2.11,25.0
2021-11-18 14:00:00,0.488763110554373,0.0,0.0,0.0,0.0,0.488763110554373,0.0,0.0,0.0,0.0,27.53968849042716,0.0,2.41,25.0
2021-11-18 15:00:00,0.4773714999525598,0.0,0.0,0.0,0.0,0.4773714999525598,0.0,0.0,0.0,0.0,17.48976217563642,0.0,2.73,25.0
2021-11-18 16:00:00,0.4453368295223879,0.0,0.0,0.0,0.0,0.35576370334273005,0.08957312617965785,0.0,0.0,0.0,10.0,0.0,2.82,25.0
2021-11-18 17:00:00,0.4217867372620936,0.0,0.0,0.0,0.0,0.0,0.4217867372620936,0.0,0.0,0.0,10.0,0.0,2.89,25.0
2021-11-18 18:00:00,0.423087977439968,0.0,0.0,0.0,0.0,0.0,0.423087977439968,0.0,0.0,0.0,10.0,0.0,2.88,25.0
2021-11-18 19:00:00,0.4707199662879041,0.0,0.0,0.0,0.0,0.0,0.4707199662879041,0.0,0.0,0.0,10.0,0.0,2.87,25.0
2021-11-18 20:00:00,0.5364175718924984,0.0,0.0,0.0,0.0,0.0,0.5364175718924984,0.0,0.0,0.0,10.0,0.0,2.87,25.0
2021-11-18 21:00:00,0.5735023680950491,0.0,0.0,0.0,0.0,0.0,0.5735023680950491,0.0,0.0,0.0,10.0,0.0,2.87,25.0
2021-11-18 22:00:00,0.5968256845153869,0.0,0.0,0.0,0.0,0.0,0.5968256845153869,0.0,0.0,0.0,10.0,0.0,2.92,25.0
2021-11-18 23:00:00,0.6058710607912126,0.0,0.0,0.0,0.0,0.0,0.6058710607912126,0.0,0.0,0.0,10.0,0.0,2.93,25.0
2021-11-19 00:00:00,0.5819021296317483,0.0,0.0,0.0,0.0,0.0,0.5819021296317483,0.0,0.0,0.0,10.0,0.0,2.89,25.0
2021-11-19 01:00:00,0.552600683972524,0.044629625480000004,0.044629625480000004,0.0,0.0,0.0,0.507971058492524,0.0,0.0,0.0,10.0,20.2,2.83,25.0
2021-11-19 02:00:00,0.5292287466736827,0.2989453544,0.2989453544,0.0,0.0,0.0,0.23028339227368272,0.0,0.0,0.0,10.0,137.2,3.15,25.0
2021-11-19 03:00:00,0.5014149138014247,0.598357411938,0.5014149138014247,0.0969424981365753,0.09209537322974652,0.0,0.0,0.0,0.0,0.0,11.841907464594929,279.62,3.18,25.0
2021-11-19 04:00:00,0.4698508980251983,0.9068901283365,0.4698508980251983,0.43703923031130165,0.41518726879573653,0.0,0.0,0.0,0.0,0.0,20.145652840509662,433.23,2.36,25.0
2021-11-19 05:00:00,0.4316584813783922,1.0589622025125,0.4316584813783922,0.6273037211341079,0.5959385350774025,0.0,0.0,0.0,0.0,0.0,32.06442354205771,510.77,2.6,25.0
2021-11-19 06:00:00,0.3607265472497106,1.1054857611600002,0.3607265472497106,0.7447592139102897,0.7075212532147751,0.0,0.0,0.0,0.0,0.0,46.214848606353215,534.6,2.82,25.0
2021-11-19 07:00:00,0.3722538209631065,1.027293602082,0.3722538209631065,0.6550397811188935,0.6222877920629488,0.0,0.0,0.0,0.0,0.0,58.660604447612194,493.98,2.93,25.0
2021-11-19 08:00:00,0.4316832681309409,0.7554364439325001,0.4316832681309409,0.3237531758015592,0.3075655170114812,0.0,0.0,0.0,0.0,0.0,64.8119147878418,356.55,3.18,25.0
2021-11-19 09:00:00,0.4449725797720681,0.46673554356,0.4449725797720681,0.02176296378793191,0.020674815598535314,0.0,0.0,0.0,0.0,0.0,65.22541109981252,216.2,3.46,25.0
2021-11-19 10:00:00,0.4364500261255339,0.24268150752450002,0.24268150752450002,0.0,0.0,0.1937685186010339,0.0,0.0,0.0,0.0,61.14607386610654,111.03,3.08,25.0
2021-11-19 11:00:00,0.4360018906217441,0.029954824432500006,0.029954824432500006,0.0,0.0,0.4060470661892441,0.0,0.0,0.0,0.0,52.59771457791193,13.55,2.73,25.0
2021-11-19 12:00:00,0.4361760200873957,0.0,0.0,0.0,0.0,0.4361760200873957,0.0,0.0,0.0,0.0,43.415061523440436,0.0,3.16,25.0
2021-11-19 13:00:00,0.4535417113195824,0.0,0.0,0.0,0.0,0.4535417113195824,0.0,0.0,0.0,0.0,33.86681496934397,0.0,3.17,25.0
2021-11-19 14:00:00,0.4796259450448657,0.0,0.0,0.0,0.0,0.4796259450448657,0.0,0.0,0.0,0.0,23.769426652609955,0.0,3.08,25.0
2021-11-19 15:00:00,0.4714235369518385,0.0,0.0,0.0,0.0,0.4714235369518385,0.0,0.0,0.0,0.0,13.844720611518616,0.0,2.9,25.0
2021-11-19 16:00:00,0.4472648571091602,0.0,0.0,0.0,0.0,0.1826242290471342,0.264640628062026,0.0,0.0,0.0,10.0,0.0,2.71,25.0
2021-11-19 17:00:00,0.419593148866009,0.0,0.0,0.0,0.0,0.0,0.419593148866009,0.0,0.0,0.0,10.0,0.0,2.56,25.0
2021-11-19 18:00:00,0.4135764595664316,0.0,0.0,0.0,0.0,0.0,0.4135764595664316,0.0,0.0,0.0,10.0,0.0,2.55,25.0
2021-11-19 19:00:00,0.4643650571803248,0.0,0.0,0.0,0.0,0.0,0.4643650571803248,0.0,0.0,0.0,10.0,0.0,2.73,25.0
2021-11-19 20:00:00,0.5304765638627038,0.0,0.0,0.0,0.0,0.0,0.5304765638627038,0.0,0.0,0.0,10.0,0.0,2.95,25.0
2021-11-19 21:00:00,0.5760240928516592,0.0,0.0,0.0,0.0,0.0,0.5760240928516592,0.0,0.0,0.0,10.0,0.0,2.91,25.0
2021-11-19 22:00:00,0.6027904417677272,0.0,0.0,0.0,0.0,0.0,0.6027904417677272,0.0,0.0,0.0,10.0,0.0,2.85,25.0
2021-11-19 23:00:00,0.6136112389947139,0.0,0.0,0.0,0.0,0.0,0.6136112389947139,0.0,0.0,0.0,10.0,0.0,2.76,25.0
2021-11-20 00:00:00,0.5821328588254123,0.0,0.0,0.0,0.0,0.0,0.5821328588254123,0.0,0.0,0.0,10.0,0.0,2.52,25.0
2021-11-20 01:00:00,0.5521446274287264,0.019445571200000004,0.019445571200000004,0.0,0.0,0.0,0.5326990562287264,0.0,0.0,0.0,10.0,8.8,2.3,25.0
2021-11-20 02:00:00,0.5273514252416335,0.10076768501250001,0.10076768501250001,0.0,0.0,0.0,0.4265837402291335,0.0,0.0,0.0,10.0,45.75,2.87,25.0
2021-11-20 03:00:00,0.500116003789736,0.2049340732725,0.2049340732725,0.0,0.0,0.0,0.29518193051723596,0.0,0.0,0.0,10.0,93.47,3.45,25.0
2021-11-20 04:00:00,0.4692392106483999,0.3727788189125,0.3727788189125,0.0,0.0,0.0,0.09646039173589993,0.0,0.0,0.0,10.0,171.73,3.4,25.0
2021-11-20 05:00:00,0.4313028593158891,0.6679417777725001,0.4313028593158891,0.236638918456611,0.22480697253378043,0.0,0.0,0.0,0.0,0.0,14.496139450675608,313.05,3.74,25.0
2021-11-20 06:00:00,0.3669594533904081,0.792435319368,0.3669594533904081,0.42547586597759196,0.40420207267871233,0.0,0.0,0.0,0.0,0.0,22.580180904249854,374.12,3.98,25.0
2021-11-20 07:00:00,0.377449782629483,0.8416471876339999,0.377449782629483,0.46419740500451695,0.4409875347542911,0.0,0.0,0.0,0.0,0.0,31.39993159933568,398.38,4.21,25.0
2021-11-20 08:00:00,0.4379798384365335,0.7742138651445001,0.4379798384365335,0.3362340267079666,0.31942232537256826,0.0,0.0,0.0,0.0,0.0,37.78837810678704,364.67,4.42,25.0
2021-11-20 09:00:00,0.4506638321848111,0.502373386482,0.4506638321848111,0.05170955429718893,0.04912407658232948,0.0,0.0,0.0,0.0,0.0,38.770859638433635,232.62,4.47,25.0
2021-11-20 10:00:00,0.4346631170055925,0.2523675650925,0.2523675650925,0.0,0.0,0.1822955519130925,0.0,0.0,0.0,0.0,34.93305854552642,115.05,4.77,25.0
2021-11-20 11:00:00,0.4332604874660181,0.030458416032000005,0.030458416032000005,0.0,0.0,0.4028020714340181,0.0,0.0,0.0,0.0,26.453014936389202,13.68,5.73,25.0
2021-11-20 12:00:00,0.4335400983692717,0.0,0.0,0.0,0.0,0.4335400983692717,0.0,0.0,0.0,0.0,17.32585497072032,0.0,6.24,25.0
2021-11-20 13:00:00,0.4471149378711423,0.0,0.0,0.0,0.0,0.34797811110921517,0.09913682676192714,0.0,0.0,0.0,10.0,0.0,5.36,25.0
2021-11-20 14:00:00,0.4849158513756804,0.0,0.0,0.0,0.0,0.0,0.4849158513756804,0.0,0.0,0.0,10.0,0.0,3.8,25.0
2021-11-20 15:00:00,0.4657751320275594,0.0,0.0,0.0,0.0,0.0,0.4657751320275594,0.0,0.0,0.0,10.0,0.0,2.56,25.0
2021-11-20 16:00:00,0.4448437466095011,0.0,0.0,0.0,0.0,0.0,0.4448437466095011,0.0,0.0,0.0,10.0,0.0,2.15,25.0
2021-11-20 17:00:00,0.4177274217621365,0.0,0.0,0.0,0.0,0.0,0.4177274217621365,0.0,0.0,0.0,10.0,0.0,2.3,25.0
2021-11-20 18:00:00,0.4162946093970932,0.0,0.0,0.0,0.0,0.0,0.4162946093970932,0.0,0.0,0.0,10.0,0.0,2.48,25.0
2021-11-20 19:00:00,0.4705574811510515,0.0,0.0,0.0,0.0,0.0,0.4705574811510515,0.0,0.0,0.0,10.0,0.0,2.63,25.0
2021-11-20 20:00:00,0.5351254466786242,0.0,0.0,0.0,0.0,0.0,0.5351254466786242,0.0,0.0,0.0,10.0,0.0,2.71,25.0
2021-11-20 21:00:00,0.5767021817362501,0.0,0.0,0.0,0.0,0.0,0.5767021817362501,0.0,0.0,0.0,10.0,0.0,2.78,25.0
2021-11-20 22:00:00,0.6027671375404422,0.0,0.0,0.0,0.0,0.0,0.6027671375404422,0.0,0.0,0.0,10.0,0.0,2.91,25.0
2021-11-20 23:00:00,0.6113411773958658,0.0,0.0,0.0,0.0,0.0,0.6113411773958658,0.0,0.0,0.0,10.0,0.0,3.06,25.0
2021-11-21 00:00:00,0.5900639229280981,0.0,0.0,0.0,0.0,0.0,0.5900639229280981,0.0,0.0,0.0,10.0,0.0,3.14,25.0
2021-11-21 01:00:00,0.5628539599737796,0.036765339666,0.036765339666,0.0,0.0,0.0,0.5260886203077796,0.0,0.0,0.0,10.0,16.62,3.16,25.0
2021-11-21 02:00:00,0.5357279848081113,0.287018323592,0.287018323592,0.0,0.0,0.0,0.24870966121611132,0.0,0.0,0.0,10.0,131.32,4.12,25.0
2021-11-21 03:00:00,0.5073556751418011,0.6139291393124999,0.5073556751418011,0.1065734641706988,0.10124479096216385,0.0,0.0,0.0,0.0,0.0,12.024895819243278,286.83,3.65,25.0
2021-11-21 04:00:00,0.4751514693231695,0.9481364648525001,0.4751514693231695,0.47298499552933065,0.4493357457528641,0.0,0.0,0.0,0.0,0.0,21.01161073430056,452.65,3.62,25.0
2021-11-21 05:00:00,0.4365537858297705,1.1820767569325,0.4365537858297705,0.7455229711027294,0.7082468225475929,0.0,0.0,0.0,0.0,0.0,35.17654718525242,572.65,4.11,25.0
2021-11-21 06:00:00,0.3717029533169232,1.305899105346,0.3717029533169232,0.9341961520290769,0.887486344427623,0.0,0.0,0.0,0.0,0.0,52.92627407380488,637.22,4.66,25.0
2021-11-21 07:00:00,0.3771151241087289,1.240878691712,0.3771151241087289,0.8637635676032711,0.8205753892231075,0.0,0.0,0.0,0.0,0.0,69.33778185826702,602.08,5.03,25.0
2021-11-21 08:00:00,0.4281315233278113,1.0429960904,0.4281315233278113,0.6148645670721886,0.5841213387185792,0.0,0.0,0.0,0.0,0.0,81.02020863263861,499.12,5.1,25.0
2021-11-21 09:00:00,0.4415633676998392,0.70390729101,0.4415633676998392,0.2623439233101608,0.24922672714465277,0.0,0.0,0.0,0.0,0.0,86.00474317553167,329.7,4.86,25.0
2021-11-21 10:00:00,0.4321377170403588,0.3295335553125,0.3295335553125,0.0,0.0,0.1026041617278588,0.0,0.0,0.0,0.0,83.84465556020834,151.25,3.85,25.0
2021-11-21 11:00:00,0.4333410485764657,0.040288127879999996,0.040288127879999996,0.0,0.0,0.3930529206964657,0.0,0.0,0.0,0.0,75.56985722975642,18.2,3.53,25.0
2021-11-21 12:00:00,0.4374814155985814,0.0,0.0,0.0,0.0,0.4374814155985814,0.0,0.0,0.0,0.0,66.35972216452312,0.0,3.94,25.0
2021-11-21 13:00:00,0.4531766707736738,0.0,0.0,0.0,0.0,0.4531766707736738,0.0,0.0,0.0,0.0,56.81916067455105,0.0,4.09,25.0
2021-11-21 14:00:00,0.4831646941034176,0.0,0.0,0.0,0.0,0.4831646941034176,0.0,0.0,0.0,0.0,46.647272377636995,0.0,4.11,25.0
2021-11-21 15:00:00,0.4695485644733326,0.0,0.0,0.0,0.0,0.4695485644733326,0.0,0.0,0.0,0.0,36.76203944135631,0.0,3.91,25.0
2021-11-21 16:00:00,0.4444199602573616,0.0,0.0,0.0,0.0,0.4444199602573616,0.0,0.0,0.0,0.0,27.40582975172764,0.0,3.62,25.0
2021-11-21 17:00:00,0.4179128166407105,0.0,0.0,0.0,0.0,0.4179128166407105,0.0,0.0,0.0,0.0,18.607665190870577,0.0,3.38,25.0
2021-11-21 18:00:00,0.4193967893445743,0.0,0.0,0.0,0.0,0.40886409656635236,0.010532692778221941,0.0,0.0,0.0,10.0,0.0,3.27,25.0
2021-11-21 19:00:00,0.4682832939790684,0.0,0.0,0.0,0.0,0.0,0.4682832939790684,0.0,0.0,0.0,10.0,0.0,3.28,25.0
2021-11-21 20:00:00,0.5322324100889432,0.0,0.0,0.0,0.0,0.0,0.5322324100889432,0.0,0.0,0.0,10.0,0.0,3.34,25.0
2021-11-21 21:00:00,0.5777117102842757,0.0,0.0,0.0,0.0,0.0,0.5777117102842757,0.0,0.0,0.0,10.0,0.0,3.37,25.0
2021-11-21 22:00:00,0.6069841443177901,0.0,0.0,0.0,0.0,0.0,0.6069841443177901,0.0,0.0,0.0,10.0,0.0,3.4,25.0
2021-11-21 23:00:00,0.6181270172973035,0.0,0.0,0.0,0.0,0.0,0.6181270172973035,0.0,0.0,0.0,10.0,0.0,3.45,25.0
2021-11-22 00:00:00,0.5821894924720259,0.0,0.0,0.0,0.0,0.0,0.5821894924720259,0.0,0.0,0.0,10.0,0.0,3.49,25.0
2021-11-22 01:00:00,0.5528432066655387,0.054235675207999996,0.054235675207999996,0.0,0.0,0.0,0.49860753145753867,0.0,0.0,0.0,10.0,24.52,3.53,25.0
2021-11-22 02:00:00,0.5274925115989194,0.377407845122,0.377407845122,0.0,0.0,0.0,0.15008466647691943,0.0,0.0,0.0,10.0,173.38,4.63,25.0
2021-11-22 03:00:00,0.5007881835347316,0.7566214250925,0.5007881835347316,0.2558332415577683,0.2430415794798799,0.0,0.0,0.0,0.0,0.0,14.860831589597598,356.15,4.24,25.0
2021-11-22 04:00:00,0.4706953796308161,1.0812809421644998,0.4706953796308161,0.6105855625336837,0.5800562844069995,0.0,0.0,0.0,0.0,0.0,26.461957277737593,520.17,4.12,25.0
2021-11-22 05:00:00,0.4344976302699883,1.2985946740800003,0.4344976302699883,0.864097043810012,0.8208921916195113,0.0,0.0,0.0,0.0,0.0,42.87980111012782,633.2,4.73,25.0
2021-11-22 06:00:00,0.3687758610545366,1.3395861802125,0.3687758610545366,0.9708103191579633,0.9222698032000651,0.0,0.0,0.0,0.0,0.0,61.32519717412913,652.95,5.9,25.0
2021-11-22 07:00:00,0.3796557234347771,1.2784476590324998,0.3796557234347771,0.8987919355977227,0.8538523388178366,0.0,0.0,0.0,0.0,0.0,78.40224395048585,619.65,6.36,25.0
2021-11-22 08:00:00,0.4246153330246925,1.05016237568,0.4246153330246925,0.6255470426553076,0.5942696905225422,0.0,0.0,0.0,0.0,0.0,90.2876377609367,500.8,6.57,25.0
2021-11-22 09:00:00,0.4407335067924195,0.7208846954924999,0.4407335067924195,0.2480190652138575,0.23561811195316462,0.0,0.0,0.03213212348622288,0.0,0.0,95.0,336.95,6.08,25.0
2021-11-22 10:00:00,0.4287264456049536,0.345292584626,0.345292584626,0.0,0.0,0.08343386097895361,0.0,0.0,0.0,0.0,93.24349766360096,158.38,4.49,25.0
2021-11-22 11:00:00,0.4344472361567695,0.04364205813,0.04364205813,0.0,0.0,0.3908051780267695,0.0,0.0,0.0,0.0,85.01602023145846,19.7,3.93,25.0
2021-11-22 12:00:00,0.4493805925805082,0.0,0.0,0.0,0.0,0.4493805925805082,0.0,0.0,0.0,0.0,75.55537617713198,0.0,4.26,25.0
2021-11-22 13:00:00,0.465078020646642,0.0,0.0,0.0,0.0,0.465078020646642,0.0,0.0,0.0,0.0,65.76425995299215,0.0,4.43,25.0
2021-11-22 14:00:00,0.4909201363600262,0.0,0.0,0.0,0.0,0.4909201363600262,0.0,0.0,0.0,0.0,55.429099187517906,0.0,4.46,25.0
2021-11-22 15:00:00,0.4714883542042941,0.0,0.0,0.0,0.0,0.4714883542042941,0.0,0.0,0.0,0.0,45.50302857269067,0.0,4.37,25.0
2021-11-22 16:00:00,0.4461611843325378,0.0,0.0,0.0,0.0,0.4461611843325378,0.0,0.0,0.0,0.0,36.11016153411092,0.0,4.14,25.0
2021-11-22 17:00:00,0.4194628533796979,0.0,0.0,0.0,0.0,0.4194628533796979,0.0,0.0,0.0,0.0,27.279364620854125,0.0,4.03,25.0
2021-11-22 18:00:00,0.4171691751934847,0.0,0.0,0.0,0.0,0.4171691751934847,0.0,0.0,0.0,0.0,18.49685566941234,0.0,4.03,25.0
2021-11-22 19:00:00,0.4675904920096267,0.0,0.0,0.0,0.0,0.40360064429708614,0.06398984771254057,0.0,0.0,0.0,10.0,0.0,4.06,25.0
2021-11-22 20:00:00,0.5340303909171792,0.0,0.0,0.0,0.0,0.0,0.5340303909171792,0.0,0.0,0.0,10.0,0.0,4.08,25.0
2021-11-22 21:00:00,0.5750945835377824,0.0,0.0,0.0,0.0,0.0,0.5750945835377824,0.0,0.0,0.0,10.0,0.0,3.92,25.0
2021-11-22 22:00:00,0.6047978595181175,0.0,0.0,0.0,0.0,0.0,0.6047978595181175,0.0,0.0,0.0,10.0,0.0,3.58,25.0
2021-11-22 23:00:00,0.6189804566102121,0.0,0.0,0.0,0.0,0.0,0.6189804566102121,0.0,0.0,0.0,10.0,0.0,3.24,25.0
2021-11-23 00:00:00,0.5817603984088447,0.0,0.0,0.0,0.0,0.0,0.5817603984088447,0.0,0.0,0.0,10.0,0.0,2.9,25.0
2021-11-23 01:00:00,0.5537406513808135,0.05165312724,0.05165312724,0.0,0.0,0.0,0.5020875241408135,0.0,0.0,0.0,10.0,23.4,2.62,25.0
2021-11-23 02:00:00,0.5292192570526187,0.368515700322,0.368515700322,0.0,0.0,0.0,0.16070355673061876,0.0,0.0,0.0,10.0,169.82,3.17,25.0
2021-11-23 03:00:00,0.5015588187832918,0.744969576978,0.5015588187832918,0.24341075819470825,0.23124022028497282,0.0,0.0,0.0,0.0,0.0,14.624804405699456,351.98,2.52,25.0
2021-11-23 04:00:00,0.4711402458777495,1.080147098624,0.4711402458777495,0.6090068527462505,0.578556510108938,0.0,0.0,0.0,0.0,0.0,26.19593460787822,522.88,1.81,25.0
2021-11-23 05:00:00,0.4325098910132314,1.30654164564,0.4325098910132314,0.8740317546267686,0.8303301668954302,0.0,0.0,0.0,0.0,0.0,42.802537945786824,642.6,1.88,25.0
2021-11-23 06:00:00,0.3684340499969654,1.2616099473285,0.3684340499969654,0.8931758973315347,0.8485171024649579,0.0,0.0,0.0,0.0,0.0,59.77287999508599,618.03,2.14,25.0
2021-11-23 07:00:00,0.3781915630131183,1.1949872672925002,0.3781915630131183,0.8167957042793819,0.7759559190654127,0.0,0.0,0.0,0.0,0.0,75.29199837639423,581.85,2.61,25.0
2021-11-23 08:00:00,0.4312526798731116,0.99270225549,0.4312526798731116,0.5614495756168885,0.5333770968360441,0.0,0.0,0.0,0.0,0.0,85.95954031311513,476.1,3.03,25.0
2021-11-23 09:00:00,0.4497392377343864,0.6663618472445,0.4497392377343864,0.21662260951011358,0.2057914790346079,0.0,0.0,0.0,0.0,0.0,90.07536989380728,312.73,3.18,25.0
2021-11-23 10:00:00,0.4381174021994186,0.304326584562,0.304326584562,0.0,0.0,0.13379081763741857,0.0,0.0,0.0,0.0,87.25872110144059,139.98,2.38,25.0
2021-11-23 11:00:00,0.431588527376029,0.037803959424,0.037803959424,0.0,0.0,0.393784567952029,0.0,0.0,0.0,0.0,78.96851967087154,17.12,2.44,25.0
2021-11-23 12:00:00,0.436560710203872,0.0,0.0,0.0,0.0,0.436560710203872,0.0,0.0,0.0,0.0,69.77776787710583,0.0,2.42,25.0
2021-11-23 13:00:00,0.4495218544096855,0.0,0.0,0.0,0.0,0.4495218544096855,0.0,0.0,0.0,0.0,60.314149889533496,0.0,2.13,25.0
2021-11-23 14:00:00,0.4816166684620271,0.0,0.0,0.0,0.0,0.4816166684620271,0.0,0.0,0.0,0.0,50.1748516061224,0.0,1.79,25.0
2021-11-23 15:00:00,0.4634916724780533,0.0,0.0,0.0,0.0,0.4634916724780533,0.0,0.0,0.0,0.0,40.417132185531806,0.0,1.48,25.0
2021-11-23 16:00:00,0.4433113542266859,0.0,0.0,0.0,0.0,0.4433113542266859,0.0,0.0,0.0,0.0,31.084261570233156,0.0,1.37,25.0
2021-11-23 17:00:00,0.4221508172074654,0.0,0.0,0.0,0.0,0.4221508172074654,0.0,0.0,0.0,0.0,22.196875944812827,0.0,1.32,25.0
2021-11-23 18:00:00,0.4217903375115388,0.0,0.0,0.0,0.0,0.4217903375115388,0.0,0.0,0.0,0.0,13.317079365622538,0.0,1.21,25.0
2021-11-23 19:00:00,0.4671195279424676,0.0,0.0,0.0,0.0,0.1575612698670705,0.30955825807539705,0.0,0.0,0.0,10.0,0.0,1.01,25.0
2021-11-23 20:00:00,0.5299669553531778,0.0,0.0,0.0,0.0,0.0,0.5299669553531778,0.0,0.0,0.0,10.0,0.0,0.76,25.0
2021-11-23 21:00:00,0.5723966509702151,0.0,0.0,0.0,0.0,0.0,0.5723966509702151,0.0,0.0,0.0,10.0,0.0,0.58,25.0
2021-11-23 22:00:00,0.6019115895420184,0.0,0.0,0.0,0.0,0.0,0.6019115895420184,0.0,0.0,0.0,10.0,0.0,0.76,25.0
2021-11-23 23:00:00,0.6117365314920371,0.0,0.0,0.0,0.0,0.0,0.6117365314920371,0.0,0.0,0.0,10.0,0.0,1.07,25.0
2021-11-24 00:00:00,0.5918534927017124,0.0,0.0,0.0,0.0,0.0,0.5918534927017124,0.0,0.0,0.0,10.0,0.0,1.38,25.0
2021-11-24 01:00:00,0.5658796725479112,0.0369654175605,0.0369654175605,0.0,0.0,0.0,0.5289142549874112,0.0,0.0,0.0,10.0,16.77,1.68,25.0
2021-11-24 02:00:00,0.5388143557711473,0.31402553531249994,0.31402553531249994,0.0,0.0,0.0,0.2247888204586474,0.0,0.0,0.0,10.0,144.75,1.75,25.0
2021-11-24 03:00:00,0.5101701623076927,0.66227532096,0.5101701623076927,0.15210515865230723,0.14449990071969185,0.0,0.0,0.0,0.0,0.0,12.889998014393836,311.52,2.2,25.0
2021-11-24 04:00:00,0.4774801455074565,1.00428503109,0.4774801455074565,0.5268048855825436,0.5004646413034164,0.0,0.0,0.0,0.0,0.0,22.899290840462164,483.38,2.0,25.0
2021-11-24 05:00:00,0.4385130158768541,1.2369552858245,0.4385130158768541,0.798442269947646,0.7585201564502637,0.0,0.0,0.0,0.0,0.0,38.06969396946744,605.17,1.97,25.0
2021-11-24 06:00:00,0.3725077053709268,1.112509227522,0.3725077053709268,0.7400015221510733,0.7030014460435196,0.0,0.0,0.0,0.0,0.0,52.12972289033784,539.58,1.93,25.0
2021-11-24 07:00:00,0.381582399234138,1.02713418885,0.381582399234138,0.645551789615862,0.6132742001350688,0.0,0.0,0.0,0.0,0.0,64.39520689303922,495.5,1.74,25.0
2021-11-24 08:00:00,0.4354077587492346,0.8413624577600001,0.4354077587492346,0.4059546990107655,0.3856569640602272,0.0,0.0,0.0,0.0,0.0,72.10834617424375,401.2,1.41,25.0
2021-11-24 09:00:00,0.4475080721660239,0.55397155088,0.4475080721660239,0.10646347871397616,0.10114030477827735,0.0,0.0,0.0,0.0,0.0,74.13115226980929,259.6,1.01,25.0
2021-11-24 10:00:00,0.4425974952311303,0.25300673417249997,0.25300673417249997,0.0,0.0,0.18959076105863032,0.0,0.0,0.0,0.0,70.13976782646971,116.55,0.54,25.0
2021-11-24 11:00:00,0.441706348243414,0.03335507320199999,0.03335507320199999,0.0,0.0,0.408351275041414,0.0,0.0,0.0,0.0,61.5428988782294,15.18,0.28,25.0
2021-11-24 12:00:00,0.4434183220772475,0.0,0.0,0.0,0.0,0.4434183220772475,0.0,0.0,0.0,0.0,52.20777630818209,0.0,0.55,25.0
2021-11-24 13:00:00,0.4589550260892946,0.0,0.0,0.0,0.0,0.4589550260892946,0.0,0.0,0.0,0.0,42.54556523261799,0.0,1.01,25.0
2021-11-24 14:00:00,0.483618335856748,0.0,0.0,0.0,0.0,0.483618335856748,0.0,0.0,0.0,0.0,32.364126583002246,0.0,1.51,25.0
2021-11-24 15:00:00,0.4700816438098655,0.0,0.0,0.0,0.0,0.4700816438098655,0.0,0.0,0.0,0.0,22.467670923847184,0.0,2.01,25.0
2021-11-24 16:00:00,0.4503498175208555,0.0,0.0,0.0,0.0,0.4503498175208555,0.0,0.0,0.0,0.0,12.986622133934436,0.0,2.38,25.0
2021-11-24 17:00:00,0.4242716621587279,0.0,0.0,0.0,0.0,0.1418645513618857,0.2824071107968422,0.0,0.0,0.0,10.0,0.0,2.51,25.0
2021-11-24 18:00:00,0.414747118283183,0.0,0.0,0.0,0.0,0.0,0.414747118283183,0.0,0.0,0.0,10.0,0.0,2.44,25.0
2021-11-24 19:00:00,0.4601240074955408,0.0,0.0,0.0,0.0,0.0,0.4601240074955408,0.0,0.0,0.0,10.0,0.0,2.2,25.0
2021-11-24 20:00:00,0.5297543136248083,0.0,0.0,0.0,0.0,0.0,0.5297543136248083,0.0,0.0,0.0,10.0,0.0,1.87,25.0
2021-11-24 21:00:00,0.5753221674929788,0.0,0.0,0.0,0.0,0.0,0.5753221674929788,0.0,0.0,0.0,10.0,0.0,1.55,25.0
2021-11-24 22:00:00,0.6023002885767306,0.0,0.0,0.0,0.0,0.0,0.6023002885767306,0.0,0.0,0.0,10.0,0.0,1.34,25.0
2021-11-24 23:00:00,0.6057389942223201,0.0,0.0,0.0,0.0,0.0,0.6057389942223201,0.0,0.0,0.0,10.0,0.0,1.2,25.0
2021-11-25 00:00:00,0.5907342246439353,0.0,0.0,0.0,0.0,0.0,0.5907342246439353,0.0,0.0,0.0,10.0,0.0,1.08,25.0
2021-11-25 01:00:00,0.5621580745748088,0.044362229796499994,0.044362229796499994,0.0,0.0,0.0,0.5177958447783089,0.0,0.0,0.0,10.0,20.17,0.94,25.0
2021-11-25 02:00:00,0.5371898105229154,0.32944009296,0.32944009296,0.0,0.0,0.0,0.20774971756291538,0.0,0.0,0.0,10.0,152.4,0.68,25.0
2021-11-25 03:00:00,0.509678050319822,0.6872502331199999,0.509678050319822,0.17757218280017784,0.16869357366016893,0.0,0.0,0.0,0.0,0.0,13.373871473203376,325.2,0.52,25.0
2021-11-25 04:00:00,0.4785022209904687,1.0018362464,0.4785022209904687,0.5233340254095312,0.4971673241390546,0.0,0.0,0.0,0.0,0.0,23.317217955984468,484.0,0.57,25.0
2021-11-25 05:00:00,0.4343514797627466,1.1979000037125,0.4343514797627466,0.7635485239497535,0.7253710977522657,0.0,0.0,0.0,0.0,0.0,37.824639911029784,586.35,0.8,25.0
2021-11-25 06:00:00,0.3671259450980808,1.1260122768124998,0.3671259450980808,0.758886331714419,0.720942015128698,0.0,0.0,0.0,0.0,0.0,52.243480213603746,547.75,1.2,25.0
2021-11-25 07:00:00,0.3853259572639855,1.0652256968925,0.3853259572639855,0.6798997396285145,0.6459047526470887,0.0,0.0,0.0,0.0,0.0,65.1615752665455,515.45,1.58,25.0
2021-11-25 08:00:00,0.433847185235381,0.8716940139600001,0.433847185235381,0.4378468287246191,0.41595448728838813,0.0,0.0,0.0,0.0,0.0,73.48066501231327,415.8,2.04,25.0
2021-11-25 09:00:00,0.4507301154928661,0.614937195906,0.4507301154928661,0.16420708041313392,0.15599672639247722,0.0,0.0,0.0,0.0,0.0,76.60059954016282,288.42,2.16,25.0
2021-11-25 10:00:00,0.4347270452579422,0.27713863150050005,0.27713863150050005,0.0,0.0,0.15758841375744215,0.0,0.0,0.0,0.0,73.28294872421665,127.43,1.87,25.0
2021-11-25 11:00:00,0.4357038379196014,0.03556276724,0.03556276724,0.0,0.0,0.40014107067960136,0.0,0.0,0.0,0.0,64.85892618359347,16.12,2.0,25.0
2021-11-25 12:00:00,0.4364359737095016,0.0,0.0,0.0,0.0,0.4364359737095016,0.0,0.0,0.0,0.0,55.67080042128818,0.0,2.26,25.0
2021-11-25 13:00:00,0.4533928819892918,0.0,0.0,0.0,0.0,0.4533928819892918,0.0,0.0,0.0,0.0,46.12568711625046,0.0,2.37,25.0
2021-11-25 14:00:00,0.489128156784707,0.0,0.0,0.0,0.0,0.489128156784707,0.0,0.0,0.0,0.0,35.82825223657241,0.0,2.38,25.0
2021-11-25 15:00:00,0.4677627906761378,0.0,0.0,0.0,0.0,0.4677627906761378,0.0,0.0,0.0,0.0,25.980614538127405,0.0,2.3,25.0
2021-11-25 16:00:00,0.4448156808990154,0.0,0.0,0.0,0.0,0.4448156808990154,0.0,0.0,0.0,0.0,16.616073887621816,0.0,2.21,25.0
2021-11-25 17:00:00,0.4204030889387949,0.0,0.0,0.0,0.0,0.31426350966203637,0.10613957927675854,0.0,0.0,0.0,10.0,0.0,2.12,25.0
2021-11-25 18:00:00,0.4197484050518274,0.0,0.0,0.0,0.0,0.0,0.4197484050518274,0.0,0.0,0.0,10.0,0.0,1.96,25.0
2021-11-25 19:00:00,0.467830501660262,0.0,0.0,0.0,0.0,0.0,0.467830501660262,0.0,0.0,0.0,10.0,0.0,1.72,25.0
2021-11-25 20:00:00,0.5359747867662601,0.0,0.0,0.0,0.0,0.0,0.5359747867662601,0.0,0.0,0.0,10.0,0.0,1.56,25.0
2021-11-25 21:00:00,0.5786238471040396,0.0,0.0,0.0,0.0,0.0,0.5786238471040396,0.0,0.0,0.0,10.0,0.0,1.59,25.0
2021-11-25 22:00:00,0.6082474047797438,0.0,0.0,0.0,0.0,0.0,0.6082474047797438,0.0,0.0,0.0,10.0,0.0,1.66,25.0
2021-11-25 23:00:00,0.618640628488368,0.0,0.0,0.0,0.0,0.0,0.618640628488368,0.0,0.0,0.0,10.0,0.0,1.65,25.0
2021-11-26 00:00:00,0.5863675997993134,0.0,0.0,0.0,0.0,0.0,0.5863675997993134,0.0,0.0,0.0,10.0,0.0,1.51,25.0
2021-11-26 01:00:00,0.5566935153732732,0.0443909841485,0.0443909841485,0.0,0.0,0.0,0.5123025312247732,0.0,0.0,0.0,10.0,20.17,1.21,25.0
2021-11-26 02:00:00,0.5320226298073901,0.32793774182400004,0.32793774182400004,0.0,0.0,0.0,0.20408488798339008,0.0,0.0,0.0,10.0,151.68,0.71,25.0
2021-11-26 03:00:00,0.5039021308104744,0.6803259629045001,0.5039021308104744,0.17642383209402568,0.16760264048932438,0.0,0.0,0.0,0.0,0.0,13.352052809786489,321.73,0.58,25.0
2021-11-26 04:00:00,0.4726013426953526,0.9872148940500001,0.4726013426953526,0.5146135513546475,0.4888828737869151,0.0,0.0,0.0,0.0,0.0,23.129710285524787,476.42,0.6,25.0
2021-11-26 05:00:00,0.4332108061188185,1.1863943022524999,0.4332108061188185,0.7531834961336814,0.7155243213269973,0.0,0.0,0.0,0.0,0.0,37.44019671206473,580.55,0.61,25.0
2021-11-26 06:00:00,0.3651499856862684,1.0048144594125001,0.3651499856862684,0.6396644737262318,0.6076812500399202,0.0,0.0,0.0,0.0,0.0,49.59382171286314,485.75,0.41,25.0
2021-11-26 07:00:00,0.3802379594351873,0.91485603924,0.3802379594351873,0.5346180798048128,0.5078871758145721,0.0,0.0,0.0,0.0,0.0,59.75156522915457,439.8,0.21,25.0
2021-11-26 08:00:00,0.4400934135168131,0.7518829643325,0.4400934135168131,0.31178955081568693,0.29620007327490255,0.0,0.0,0.0,0.0,0.0,65.67556669465263,357.35,0.44,25.0
2021-11-26 09:00:00,0.4503792207915712,0.522258176,0.4503792207915712,0.0718789552084288,0.06828500744800735,0.0,0.0,0.0,0.0,0.0,67.04126684361277,244.48,0.65,25.0
2021-11-26 10:00:00,0.4357856520982991,0.23399555935250002,0.23399555935250002,0.0,0.0,0.2017900927457991,0.0,0.0,0.0,0.0,62.79305436475384,107.65,0.62,25.0
2021-11-26 11:00:00,0.4347159080225949,0.031829686944,0.031829686944,0.0,0.0,0.4028862210785949,0.0,0.0,0.0,0.0,54.31123918415185,14.48,0.41,25.0
2021-11-26 12:00:00,0.4365288264208984,0.0,0.0,0.0,0.0,0.4365288264208984,0.0,0.0,0.0,0.0,45.12115862792241,0.0,0.19,25.0
2021-11-26 13:00:00,0.4518227031211246,0.0,0.0,0.0,0.0,0.4518227031211246,0.0,0.0,0.0,0.0,35.60910172010926,0.0,0.65,25.0
2021-11-26 14:00:00,0.4749364891316086,0.0,0.0,0.0,0.0,0.4749364891316086,0.0,0.0,0.0,0.0,25.610438791022762,0.0,1.27,25.0
2021-11-26 15:00:00,0.4636960326711253,0.0,0.0,0.0,0.0,0.4636960326711253,0.0,0.0,0.0,0.0,15.848417050578016,0.0,1.78,25.0
2021-11-26 16:00:00,0.441474467345091,0.0,0.0,0.0,0.0,0.2777998099024558,0.1636746574426352,0.0,0.0,0.0,10.0,0.0,2.1,25.0
2021-11-26 17:00:00,0.4127276022148399,0.0,0.0,0.0,0.0,0.0,0.4127276022148399,0.0,0.0,0.0,10.0,0.0,2.26,25.0
2021-11-26 18:00:00,0.4167772037094048,0.0,0.0,0.0,0.0,0.0,0.4167772037094048,0.0,0.0,0.0,10.0,0.0,2.29,25.0
2021-11-26 19:00:00,0.4715925342928085,0.0,0.0,0.0,0.0,0.0,0.4715925342928085,0.0,0.0,0.0,10.0,0.0,2.22,25.0
2021-11-26 20:00:00,0.5361006270649096,0.0,0.0,0.0,0.0,0.0,0.5361006270649096,0.0,0.0,0.0,10.0,0.0,2.06,25.0
2021-11-26 21:00:00,0.5787604485045472,0.0,0.0,0.0,0.0,0.0,0.5787604485045472,0.0,0.0,0.0,10.0,0.0,1.77,25.0
2021-11-26 22:00:00,0.6051291695489667,0.0,0.0,0.0,0.0,0.0,0.6051291695489667,0.0,0.0,0.0,10.0,0.0,1.46,25.0
2021-11-26 23:00:00,0.6158478239606533,0.0,0.0,0.0,0.0,0.0,0.6158478239606533,0.0,0.0,0.0,10.0,0.0,1.19,25.0
2021-11-27 00:00:00,0.584756250851832,0.0,0.0,0.0,0.0,0.0,0.584756250851832,0.0,0.0,0.0,10.0,0.0,1.06,25.0
2021-11-27 01:00:00,0.555882793152668,0.0359888572725,0.0359888572725,0.0,0.0,0.0,0.519893935880168,0.0,0.0,0.0,10.0,16.35,1.07,25.0
2021-11-27 02:00:00,0.5312699980527942,0.2799933906,0.2799933906,0.0,0.0,0.0,0.2512766074527942,0.0,0.0,0.0,10.0,129.0,1.13,25.0
2021-11-27 03:00:00,0.5048759385415851,0.60391338128,0.5048759385415851,0.09903744273841497,0.09408557060149422,0.0,0.0,0.0,0.0,0.0,11.881711412029885,283.6,1.41,25.0
2021-11-27 04:00:00,0.473888156684533,0.8828585411525,0.473888156684533,0.40897038446796696,0.3885218652445686,0.0,0.0,0.0,0.0,0.0,19.652148716921253,422.35,1.23,25.0
2021-11-27 05:00:00,0.4346848986377924,1.0771192728725,0.4346848986377924,0.6424343742347076,0.6103126555229722,0.0,0.0,0.0,0.0,0.0,31.858401827380696,521.95,1.36,25.0
2021-11-27 06:00:00,0.3712926152533094,0.9921781647360001,0.3712926152533094,0.6208855494826906,0.5898412720085561,0.0,0.0,0.0,0.0,0.0,43.655227267551815,478.08,1.29,25.0
2021-11-27 07:00:00,0.3836369239505262,0.9260874979125,0.3836369239505262,0.5424505739619738,0.5153280452638751,0.0,0.0,0.0,0.0,0.0,53.96178817282932,444.35,1.2,25.0
2021-11-27 08:00:00,0.4337392566905219,0.8207670739125,0.4337392566905219,0.38702781722197815,0.3676764263608792,0.0,0.0,0.0,0.0,0.0,61.3153167000469,391.17,1.1,25.0
2021-11-27 09:00:00,0.4498226741936781,0.50546993684,0.4498226741936781,0.05564726264632186,0.05286489951400576,0.0,0.0,0.0,0.0,0.0,62.37261469032703,236.2,0.94,25.0
2021-11-27 10:00:00,0.4376995976392162,0.2201115995925,0.2201115995925,0.0,0.0,0.21758799804671616,0.0,0.0,0.0,0.0,57.79181473144879,101.15,0.74,25.0
2021-11-27 11:00:00,0.4330518096137702,0.029363281612499997,0.029363281612499997,0.0,0.0,0.4036885280012702,0.0,0.0,0.0,0.0,49.29310887879047,13.35,0.6,25.0
2021-11-27 12:00:00,0.4358657980046347,0.0,0.0,0.0,0.0,0.4358657980046347,0.0,0.0,0.0,0.0,40.116986815535,0.0,0.35,25.0
2021-11-27 13:00:00,0.4566074495193504,0.0,0.0,0.0,0.0,0.4566074495193504,0.0,0.0,0.0,0.0,30.504198404601304,0.0,0.26,25.0
2021-11-27 14:00:00,0.4859960683000053,0.0,0.0,0.0,0.0,0.4859960683000053,0.0,0.0,0.0,0.0,20.272702229864354,0.0,0.86,25.0
2021-11-27 15:00:00,0.4752213470019529,0.0,0.0,0.0,0.0,0.4752213470019529,0.0,0.0,0.0,0.0,10.268042292981132,0.0,1.52,25.0
2021-11-27 16:00:00,0.4420977812124191,0.0,0.0,0.0,0.0,0.012732008916603775,0.42936577229581535,0.0,0.0,0.0,10.0,0.0,1.97,25.0
2021-11-27 17:00:00,0.4235504518377642,0.0,0.0,0.0,0.0,0.0,0.4235504518377642,0.0,0.0,0.0,10.0,0.0,2.11,25.0
2021-11-27 18:00:00,0.4264121826505294,0.0,0.0,0.0,0.0,0.0,0.4264121826505294,0.0,0.0,0.0,10.0,0.0,2.03,25.0
2021-11-27 19:00:00,0.471748121531264,0.0,0.0,0.0,0.0,0.0,0.471748121531264,0.0,0.0,0.0,10.0,0.0,1.81,25.0
2021-11-27 20:00:00,0.5311816831483158,0.0,0.0,0.0,0.0,0.0,0.5311816831483158,0.0,0.0,0.0,10.0,0.0,1.56,25.0
2021-11-27 21:00:00,0.5738521566399237,0.0,0.0,0.0,0.0,0.0,0.5738521566399237,0.0,0.0,0.0,10.0,0.0,1.35,25.0
2021-11-27 22:00:00,0.604389154223012,0.0,0.0,0.0,0.0,0.0,0.604389154223012,0.0,0.0,0.0,10.0,0.0,1.18,25.0
2021-11-27 23:00:00,0.610782011520193,0.0,0.0,0.0,0.0,0.0,0.610782011520193,0.0,0.0,0.0,10.0,0.0,1.15,25.0
2021-11-28 00:00:00,0.5830854825043625,0.0,0.0,0.0,0.0,0.0,0.5830854825043625,0.0,0.0,0.0,10.0,0.0,1.22,25.0
2021-11-28 01:00:00,0.554466819629013,0.033304116384,0.033304116384,0.0,0.0,0.0,0.521162703245013,0.0,0.0,0.0,10.0,15.12,1.29,25.0
2021-11-28 02:00:00,0.5291266964080041,0.26420489216,0.26420489216,0.0,0.0,0.0,0.26492180424800416,0.0,0.0,0.0,10.0,121.6,1.17,25.0
2021-11-28 03:00:00,0.5017779189675873,0.5942056626,0.5017779189675873,0.09242774363241268,0.08780635645079204,0.0,0.0,0.0,0.0,0.0,11.756127129015841,279.0,1.23,25.0
2021-11-28 04:00:00,0.4698869775247742,0.8651933027540001,0.4698869775247742,0.3953063252292259,0.37554100896776454,0.0,0.0,0.0,0.0,0.0,19.266947308371133,413.38,1.26,25.0
2021-11-28 05:00:00,0.4319378437897216,1.0505596973300002,0.4319378437897216,0.6186218535402785,0.5876907608632645,0.0,0.0,0.0,0.0,0.0,31.02076252563642,507.7,1.68,25.0
2021-11-28 06:00:00,0.3688875090819671,1.0378412544499998,0.3688875090819671,0.6689537453680326,0.635506058099631,0.0,0.0,0.0,0.0,0.0,43.73088368762904,500.5,2.13,25.0
2021-11-28 07:00:00,0.3812314898438869,0.9773852085964998,0.3812314898438869,0.5961537187526129,0.5663460328149822,0.0,0.0,0.0,0.0,0.0,55.05780434392868,469.27,2.24,25.0
2021-11-28 08:00:00,0.4274279505359314,0.7948920874125,0.4274279505359314,0.36746413687656854,0.3490909300327401,0.0,0.0,0.0,0.0,0.0,62.039622944583485,376.95,2.35,25.0
2021-11-28 09:00:00,0.4431885689042081,0.538921641984,0.4431885689042081,0.09573307307979195,0.09094641942580235,0.0,0.0,0.0,0.0,0.0,63.85855133309953,251.52,2.24,25.0
2021-11-28 10:00:00,0.4402390925443005,0.23500839443400004,0.23500839443400004,0.0,0.0,0.20523069811030045,0.0,0.0,0.0,0.0,59.5379050570932,107.78,1.91,25.0
2021-11-28 11:00:00,0.4421949686568108,0.031011500712500004,0.031011500712500004,0.0,0.0,0.41118346794431077,0.0,0.0,0.0,0.0,50.881410995107714,14.05,2.1,25.0
2021-11-28 12:00:00,0.437509471276384,0.0,0.0,0.0,0.0,0.437509471276384,0.0,0.0,0.0,0.0,41.67068528402595,0.0,2.27,25.0
2021-11-28 13:00:00,0.4543501234825496,0.0,0.0,0.0,0.0,0.4543501234825496,0.0,0.0,0.0,0.0,32.10541952649859,0.0,2.27,25.0
2021-11-28 14:00:00,0.4818821277908113,0.0,0.0,0.0,0.0,0.4818821277908113,0.0,0.0,0.0,0.0,21.960532625639406,0.0,2.28,25.0
2021-11-28 15:00:00,0.46963815307802,0.0,0.0,0.0,0.0,0.46963815307802,0.0,0.0,0.0,0.0,12.073413613470562,0.0,2.29,25.0
2021-11-28 16:00:00,0.4445837050301699,0.0,0.0,0.0,0.0,0.09848714663985172,0.34609655839031817,0.0,0.0,0.0,10.0,0.0,2.17,25.0
2021-11-28 17:00:00,0.417783795775038,0.0,0.0,0.0,0.0,0.0,0.417783795775038,0.0,0.0,0.0,10.0,0.0,1.97,25.0
2021-11-28 18:00:00,0.4171536890339399,0.0,0.0,0.0,0.0,0.0,0.4171536890339399,0.0,0.0,0.0,10.0,0.0,1.81,25.0
2021-11-28 19:00:00,0.4664868871445895,0.0,0.0,0.0,0.0,0.0,0.4664868871445895,0.0,0.0,0.0,10.0,0.0,1.7,25.0
2021-11-28 20:00:00,0.5327984451750273,0.0,0.0,0.0,0.0,0.0,0.5327984451750273,0.0,0.0,0.0,10.0,0.0,1.77,25.0
2021-11-28 21:00:00,0.5766570801365954,0.0,0.0,0.0,0.0,0.0,0.5766570801365954,0.0,0.0,0.0,10.0,0.0,1.91,25.0
2021-11-28 22:00:00,0.6012599679041887,0.0,0.0,0.0,0.0,0.0,0.6012599679041887,0.0,0.0,0.0,10.0,0.0,2.01,25.0
2021-11-28 23:00:00,0.6108764347469294,0.0,0.0,0.0,0.0,0.0,0.6108764347469294,0.0,0.0,0.0,10.0,0.0,2.16,25.0
2021-11-29 00:00:00,0.5731055109404076,0.0,0.0,0.0,0.0,0.0,0.5731055109404076,0.0,0.0,0.0,10.0,0.0,2.28,25.0
2021-11-29 01:00:00,0.5455551874214651,0.025911849760500004,0.025911849760500004,0.0,0.0,0.0,0.5196433376609652,0.0,0.0,0.0,10.0,11.73,2.32,25.0
2021-11-29 02:00:00,0.5210122283142761,0.25810225485,0.25810225485,0.0,0.0,0.0,0.2629099734642761,0.0,0.0,0.0,10.0,118.5,2.02,25.0
2021-11-29 03:00:00,0.4931620696901375,0.5574146762085,0.4931620696901375,0.06425260651836256,0.06103997619244443,0.0,0.0,0.0,0.0,0.0,11.220799523848887,260.27,2.51,25.0
2021-11-29 04:00:00,0.4619969988615037,0.8743900813725002,0.4619969988615037,0.4123930825109965,0.39177342838544665,0.0,0.0,0.0,0.0,0.0,19.056268091557822,416.55,2.59,25.0
2021-11-29 05:00:00,0.4247324492050312,1.1178203836085,0.4247324492050312,0.6930879344034686,0.6584335376832952,0.0,0.0,0.0,0.0,0.0,32.224938845223726,540.67,3.06,25.0
2021-11-29 06:00:00,0.3634894515168843,1.07672583381,0.3634894515168843,0.7132363822931158,0.67757456317846,0.0,0.0,0.0,0.0,0.0,45.77643010879292,518.1,3.92,25.0
2021-11-29 07:00:00,0.3750872468220556,1.0530288127204996,0.3750872468220556,0.677941565898444,0.6440444876035217,0.0,0.0,0.0,0.0,0.0,58.65731986086335,505.33,4.32,25.0
2021-11-29 08:00:00,0.42667994129884,0.8718160751685,0.42667994129884,0.44513613386966,0.422879327176177,0.0,0.0,0.0,0.0,0.0,67.11490640438689,413.33,4.34,25.0
2021-11-29 09:00:00,0.4375655690359745,0.6140670243125,0.4375655690359745,0.17650145527652555,0.16767638251269926,0.0,0.0,0.0,0.0,0.0,70.46843405464088,286.75,3.85,25.0
2021-11-29 10:00:00,0.43267960454581,0.2782429238325,0.2782429238325,0.0,0.0,0.15443668071331002,0.0,0.0,0.0,0.0,67.21713551330804,127.65,2.81,25.0
2021-11-29 11:00:00,0.4319612013167504,0.03610702213249999,0.03610702213249999,0.0,0.0,0.3958541791842504,0.0,0.0,0.0,0.0,58.88336331995539,16.33,2.95,25.0
2021-11-29 12:00:00,0.4335728745360424,0.0,0.0,0.0,0.0,0.4335728745360424,0.0,0.0,0.0,0.0,49.755513329722916,0.0,3.39,25.0
2021-11-29 13:00:00,0.4445548398898158,0.0,0.0,0.0,0.0,0.4445548398898158,0.0,0.0,0.0,0.0,40.39646406888469,0.0,3.49,25.0
2021-11-29 14:00:00,0.4714657481426547,0.0,0.0,0.0,0.0,0.4714657481426547,0.0,0.0,0.0,0.0,30.47086937114459,0.0,3.44,25.0
2021-11-29 15:00:00,0.4592792674292886,0.0,0.0,0.0,0.0,0.4592792674292886,0.0,0.0,0.0,0.0,20.801832162106937,0.0,3.33,25.0
2021-11-29 16:00:00,0.4385056425458684,0.0,0.0,0.0,0.0,0.4385056425458684,0.0,0.0,0.0,0.0,11.57013442429918,0.0,3.2,25.0
2021-11-29 17:00:00,0.4116960187366809,0.0,0.0,0.0,0.0,0.0745813851542111,0.3371146335824698,0.0,0.0,0.0,10.0,0.0,3.06,25.0
2021-11-29 18:00:00,0.4116779172836398,0.0,0.0,0.0,0.0,0.0,0.4116779172836398,0.0,0.0,0.0,10.0,0.0,2.97,25.0
2021-11-29 19:00:00,0.4585027265452404,0.0,0.0,0.0,0.0,0.0,0.4585027265452404,0.0,0.0,0.0,10.0,0.0,2.85,25.0
2021-11-29 20:00:00,0.5234881503095854,0.0,0.0,0.0,0.0,0.0,0.5234881503095854,0.0,0.0,0.0,10.0,0.0,2.73,25.0
2021-11-29 21:00:00,0.5665105433641884,0.0,0.0,0.0,0.0,0.0,0.5665105433641884,0.0,0.0,0.0,10.0,0.0,2.6,25.0
2021-11-29 22:00:00,0.590636323925976,0.0,0.0,0.0,0.0,0.0,0.590636323925976,0.0,0.0,0.0,10.0,0.0,2.55,25.0
2021-11-29 23:00:00,0.6002524235863896,0.0,0.0,0.0,0.0,0.0,0.6002524235863896,0.0,0.0,0.0,10.0,0.0,2.57,25.0
2021-11-30 00:00:00,0.5784549053812491,0.0,0.0,0.0,0.0,0.0,0.5784549053812491,0.0,0.0,0.0,10.0,0.0,2.58,25.0
2021-11-30 01:00:00,0.5502720397691544,0.03247849605,0.03247849605,0.0,0.0,0.0,0.5177935437191544,0.0,0.0,0.0,10.0,14.7,2.55,25.0
2021-11-30 02:00:00,0.5253003118658702,0.2737253206325,0.2737253206325,0.0,0.0,0.0,0.25157499123337024,0.0,0.0,0.0,10.0,125.47,3.05,25.0
2021-11-30 03:00:00,0.4978910745829219,0.5460619709325,0.4978910745829219,0.04817089634957805,0.04576235153209915,0.0,0.0,0.0,0.0,0.0,10.915247030641982,254.55,2.88,25.0
2021-11-30 04:00:00,0.4674859569114085,0.8139909958399999,0.4674859569114085,0.3465050389285914,0.3291797869821618,0.0,0.0,0.0,0.0,0.0,17.498842770285222,386.08,2.75,25.0
2021-11-30 05:00:00,0.4287983530200064,1.172708239362,0.4287983530200064,0.7439098863419937,0.7067143920248941,0.0,0.0,0.0,0.0,0.0,31.6331306107831,569.22,3.17,25.0
2021-11-30 06:00:00,0.3655558959205094,1.1255163385619997,0.3655558959205094,0.7599604426414903,0.7219624205094157,0.0,0.0,0.0,0.0,0.0,46.07237902097141,543.62,3.77,25.0
2021-11-30 07:00:00,0.3752467521344791,0.9940882762965001,0.3752467521344791,0.618841524162021,0.5878994479539199,0.0,0.0,0.0,0.0,0.0,57.830367980049814,475.23,4.26,25.0
2021-11-30 08:00:00,0.4265788090884105,0.8376651937004999,0.4265788090884105,0.41108638461208935,0.3905320653814849,0.0,0.0,0.0,0.0,0.0,65.64100928767951,396.33,4.27,25.0
2021-11-30 09:00:00,0.4438632766836775,0.5570321059325,0.4438632766836775,0.11316882924882249,0.10751038778638136,0.0,0.0,0.0,0.0,0.0,67.79121704340714,259.45,3.47,25.0
2021-11-30 10:00:00,0.433020046916331,0.25464550485,0.25464550485,0.0,0.0,0.17837454206633102,0.0,0.0,0.0,0.0,64.03596352622122,116.78,2.4,25.0
2021-11-30 11:00:00,0.4341753294205902,0.032625852528500005,0.032625852528500005,0.0,0.0,0.4015494768920902,0.0,0.0,0.0,0.0,55.582290328493016,14.77,2.46,25.0
2021-11-30 12:00:00,0.4326813418611832,0.0,0.0,0.0,0.0,0.4326813418611832,0.0,0.0,0.0,0.0,46.473209447204944,0.0,2.53,25.0
2021-11-30 13:00:00,0.4491757112352046,0.0,0.0,0.0,0.0,0.4491757112352046,0.0,0.0,0.0,0.0,37.01687868435853,0.0,2.31,25.0
2021-11-30 14:00:00,0.4770818258010282,0.0,0.0,0.0,0.0,0.4770818258010282,0.0,0.0,0.0,0.0,26.973050772757936,0.0,2.04,25.0
2021-11-30 15:00:00,0.4645611225544858,0.0,0.0,0.0,0.0,0.4645611225544858,0.0,0.0,0.0,0.0,17.19281661371613,0.0,1.86,25.0
2021-11-30 16:00:00,0.4395851775110161,0.0,0.0,0.0,0.0,0.3416587891515162,0.0979263883594999,0.0,0.0,0.0,10.0,0.0,1.72,25.0
2021-11-30 17:00:00,0.4132519182195688,0.0,0.0,0.0,0.0,0.0,0.4132519182195688,0.0,0.0,0.0,10.0,0.0,1.59,25.0
2021-11-30 18:00:00,0.4116923635654126,0.0,0.0,0.0,0.0,0.0,0.4116923635654126,0.0,0.0,0.0,10.0,0.0,1.44,25.0
2021-11-30 19:00:00,0.4606259495928372,0.0,0.0,0.0,0.0,0.0,0.4606259495928372,0.0,0.0,0.0,10.0,0.0,1.26,25.0
2021-11-30 20:00:00,0.5252766546167014,0.0,0.0,0.0,0.0,0.0,0.5252766546167014,0.0,0.0,0.0,10.0,0.0,1.09,25.0
2021-11-30 21:00:00,0.5686299264293131,0.0,0.0,0.0,0.0,0.0,0.5686299264293131,0.0,0.0,0.0,10.0,0.0,1.05,25.0
2021-11-30 22:00:00,0.5969818955293686,0.0,0.0,0.0,0.0,0.0,0.5969818955293686,0.0,0.0,0.0,10.0,0.0,1.13,25.0
2021-11-30 23:00:00,0.6062808413674362,0.0,0.0,0.0,0.0,0.0,0.6062808413674362,0.0,0.0,0.0,10.0,0.0,1.19,25.0
